project,"(31, 2025)","(32, 2025)","(33, 2025)","(34, 2025)","(35, 2025)","(36, 2025)","(37, 2025)","(38, 2025)","(39, 2025)","(40, 2025)","(41, 2025)","(42, 2025)","(43, 2025)","(44, 2025)","(45, 2025)","(46, 2025)","(47, 2025)","(48, 2025)","(49, 2025)","(50, 2025)","(51, 2025)","(52, 2025)","(1, 2025)","(1, 2026)","(2, 2026)","(3, 2026)","(4, 2026)","(5, 2026)","(6, 2026)","(7, 2026)","(8, 2026)","(9, 2026)","(10, 2026)",owner_type,distribution_type
autowarefoundation/autoware_core,0,0,1,0,1,0,1,0,0,1,0,0,1,2,0,1,1,1,1,1,2,2,0,0,1,1,1,5,1,1,2,7,5,Organization,humble-only
ros-planning/navigation2,0,3,1,0,1,1,0,2,0,3,4,1,6,0,0,1,4,2,4,2,3,0,2,0,5,4,4,4,0,3,2,2,4,Organization,multi-distro
ros-planning/moveit2,0,1,0,0,0,0,1,0,0,0,0,2,0,1,0,1,1,4,0,7,1,0,0,0,0,0,0,1,0,0,0,0,0,Organization,multi-distro
ika-rwth-aachen/etsi_its_messages,0,1,0,1,0,0,0,0,0,0,0,3,0,0,0,0,0,0,0,0,1,0,0,0,1,2,0,0,0,0,0,0,0,Organization,multi-distro
ament/ament_lint,1,0,0,0,0,1,1,0,0,0,0,0,0,0,0,3,0,3,0,0,0,0,1,0,0,0,0,0,0,0,1,0,0,Organization,multi-distro
ros-controls/ros2_controllers,0,0,1,3,2,3,1,1,2,1,0,1,0,0,1,0,1,1,2,0,1,0,1,0,0,0,3,3,2,6,0,0,0,Organization,multi-distro
aerostack2/aerostack2,0,0,0,0,0,0,1,0,1,0,0,1,1,3,1,0,0,0,0,0,0,0,0,0,0,0,0,0,1,3,2,2,0,Organization,humble-only
ros2/rosbag2,1,1,1,0,0,0,0,0,0,0,0,0,1,0,1,2,0,1,0,0,0,1,0,0,0,0,0,0,0,4,3,1,0,Organization,multi-distro
ament/ament_cmake,0,0,0,0,0,0,0,0,0,0,1,0,0,0,0,1,0,0,2,0,0,0,0,0,0,1,0,0,0,0,1,1,0,Organization,multi-distro
ros2/examples,1,0,0,1,0,0,0,0,0,0,0,0,1,0,0,0,0,0,0,0,0,0,0,0,0,1,0,0,0,0,0,0,0,Organization,multi-distro
MOLAorg/mola,0,0,0,0,0,0,0,0,0,0,0,0,0,0,0,0,0,0,0,0,0,0,0,0,1,0,0,0,0,1,1,0,0,Organization,multi-distro
ros2/demos,1,0,0,1,0,0,0,0,0,1,1,0,0,0,1,1,0,1,0,0,0,0,0,0,0,1,0,0,0,1,3,0,0,Organization,multi-distro
ROBOTIS-GIT/open_manipulator,0,0,1,0,0,0,1,0,0,0,0,0,2,0,0,0,0,0,1,1,0,0,0,0,0,1,0,0,0,0,0,0,0,Organization,multi-distro
carologistics/clips_executive,0,0,1,0,0,0,0,0,0,0,0,0,0,0,0,0,0,0,0,0,0,0,0,0,0,1,0,0,0,0,0,0,0,Organization,multi-distro
PlanSys2/ros2_planning_system,0,0,0,0,0,0,0,0,0,0,1,1,1,0,0,0,0,0,0,0,1,0,0,0,0,0,0,0,0,0,0,0,0,Organization,multi-distro
ANYbotics/grid_map,0,0,0,0,0,0,0,0,0,1,0,0,0,0,0,0,0,0,0,0,0,0,0,0,0,1,0,0,0,0,0,0,0,Organization,multi-distro
bosch-engineering/off_highway_sensor_drivers,0,1,0,0,0,0,0,0,0,1,0,0,0,0,0,1,1,0,0,0,0,0,0,0,0,2,0,2,0,0,0,0,0,Organization,multi-distro
ros2/ros2cli,1,0,0,0,1,0,0,0,0,0,0,0,0,0,1,0,2,1,1,1,0,0,0,0,1,1,0,0,2,2,0,0,0,Organization,multi-distro
ros2/geometry2,1,1,0,2,1,0,0,0,0,0,0,0,0,0,3,0,2,1,0,1,1,0,0,0,3,0,0,0,1,0,0,0,0,Organization,multi-distro
kroshu/kuka_drivers,0,0,0,0,0,0,0,0,0,0,0,0,0,0,0,0,1,0,1,0,0,0,0,0,0,0,0,0,0,0,0,3,0,Organization,humble-only
kroshu/kuka_robot_descriptions,0,0,0,1,0,0,0,0,0,0,0,0,0,0,0,0,1,1,0,0,0,0,0,0,0,0,0,0,0,0,2,0,0,Organization,humble-only
ros2/common_interfaces,1,0,0,0,0,0,0,0,1,3,1,1,0,0,0,0,0,0,0,0,0,0,0,0,0,1,0,1,0,0,0,0,0,Organization,multi-distro
ros-industrial/ros2_canopen,0,0,0,0,0,1,0,0,1,0,0,0,0,0,0,0,0,4,0,0,0,0,0,0,0,0,0,0,5,0,0,0,0,Organization,multi-distro
MRPT/mrpt_ros,0,0,0,0,0,0,0,0,0,0,0,0,0,1,0,0,0,0,0,0,0,0,0,0,0,0,0,0,1,0,0,0,0,Organization,multi-distro
IntelligentRoboticsLabs/ros2_planning_system,0,0,0,0,0,0,0,0,0,0,1,1,1,0,0,0,0,0,0,0,1,0,0,0,0,0,0,0,0,0,0,0,0,Organization,humble-only
ros2/rosidl,1,0,0,0,0,0,0,1,0,1,0,0,0,0,0,1,0,0,1,1,0,1,0,0,0,1,0,1,1,0,0,0,0,Organization,multi-distro
introlab/rtabmap_ros,0,0,0,0,0,0,0,0,0,0,0,0,0,0,0,0,0,0,0,0,0,0,0,0,0,0,0,0,0,0,1,0,0,Organization,multi-distro
locusrobotics/fuse,0,0,0,0,0,0,0,0,0,1,0,0,0,0,0,0,0,0,0,0,0,0,0,0,0,0,0,0,0,0,0,0,0,Organization,multi-distro
Tonywelte/rosidlcpp,0,0,0,0,0,0,0,0,0,0,0,0,0,0,0,0,0,0,0,0,0,0,0,0,0,0,0,1,0,0,0,0,0,User,multi-distro
autowarefoundation/autoware_utils,0,0,0,0,0,0,0,0,0,0,0,0,1,0,0,0,1,0,0,0,0,0,0,0,0,0,0,0,0,0,5,0,0,Organization,multi-distro
clearpathrobotics/clearpath_common,0,0,0,0,0,1,0,1,0,0,0,1,0,1,0,0,0,0,0,0,0,1,0,0,0,0,1,0,1,2,0,0,0,Organization,multi-distro
frankaemika/franka_ros2,0,0,0,0,0,0,0,0,1,0,1,0,0,1,0,0,0,0,2,3,1,0,0,0,0,2,0,0,0,0,0,0,0,Organization,humble-only
gazebosim/ros_gz,0,0,0,1,0,0,0,0,0,1,0,1,0,0,0,0,1,0,0,0,0,1,0,0,0,0,1,0,2,1,2,1,0,Organization,multi-distro
EasyNavigation/EasyNavigation,0,0,0,0,0,0,0,0,0,0,1,0,2,0,0,0,0,0,0,0,0,0,0,0,0,0,0,0,1,0,1,0,0,Organization,multi-distro
autowarefoundation/autoware_msgs,0,0,0,0,0,0,0,0,0,0,0,0,1,0,0,0,0,0,0,0,0,4,0,0,0,0,0,0,0,0,0,0,0,Organization,multi-distro
ros-controls/ros2_control,1,2,0,2,1,1,0,0,0,0,1,2,0,0,1,1,2,2,1,0,0,1,0,0,1,1,0,3,2,0,0,1,0,Organization,multi-distro
fzi-forschungszentrum-informatik/lanelet2,0,0,0,5,0,0,0,0,0,0,0,0,0,0,0,0,0,0,0,0,0,0,0,0,0,1,0,0,1,0,0,0,0,Organization,multi-distro
swri-robotics/marti_common,0,0,0,0,0,0,0,0,0,0,0,1,0,0,0,0,0,0,0,0,0,0,0,0,0,0,0,0,0,0,0,0,0,Organization,multi-distro
ROBOTIS-GIT/ai_worker,0,0,0,0,0,0,0,0,0,0,0,1,0,0,0,0,0,0,0,1,0,0,0,0,0,0,0,3,0,2,0,0,0,Organization,jazzy-only
ros2/rcl_interfaces,1,0,0,0,0,0,0,0,0,0,0,0,0,0,0,0,0,0,0,0,0,0,0,0,0,0,0,0,1,1,0,0,0,Organization,multi-distro
Ekumen-OS/andino,0,0,0,0,0,0,0,0,0,0,0,0,0,0,0,0,0,0,0,0,0,0,0,0,0,0,0,0,1,0,1,0,0,Organization,humble-only
husarion/rosbot_ros,0,0,0,0,0,0,0,0,0,0,0,0,0,0,0,0,0,0,0,1,0,0,0,0,0,0,0,0,0,0,0,1,2,Organization,jazzy-only
ros-perception/image_pipeline,0,0,0,0,0,0,0,0,0,0,0,0,0,0,1,0,0,0,0,0,0,0,0,0,0,0,2,0,0,0,0,0,0,Organization,multi-distro
flexbe/flexbe_behavior_engine,0,1,0,0,0,0,0,0,0,0,0,0,0,0,1,1,0,0,0,0,0,0,0,0,0,0,0,0,0,0,0,0,0,Organization,multi-distro
naturerobots/move_base_flex,0,0,0,0,0,0,0,0,0,0,0,0,0,0,0,0,0,0,0,0,1,0,0,0,0,0,0,0,0,0,0,1,0,Organization,multi-distro
mrpt-ros-pkg/mrpt_navigation,0,0,0,0,0,0,0,0,0,0,0,0,0,0,0,0,0,0,0,0,0,0,0,0,0,0,0,0,0,0,0,2,0,Organization,multi-distro
ros2/rviz,0,0,1,2,2,0,0,3,1,0,0,0,1,0,1,0,3,1,0,1,2,0,0,0,0,1,0,0,0,1,1,2,0,Organization,multi-distro
open-rmf/rmf_visualization,0,0,0,0,0,0,0,0,0,0,0,0,0,0,0,0,0,0,0,0,0,0,0,0,0,1,0,0,0,0,0,0,0,Organization,multi-distro
ROBOTIS-GIT/turtlebot3,0,0,0,0,0,0,0,0,0,0,0,0,0,1,0,0,0,0,0,0,2,0,0,0,0,0,0,0,0,0,0,0,0,Organization,multi-distro
luxonis/depthai-ros,0,0,0,0,0,0,0,0,0,0,0,0,0,0,0,0,0,0,0,1,0,0,0,0,0,3,0,1,0,0,0,1,0,Organization,multi-distro
Kinovarobotics/ros2_kortex,0,0,0,0,0,0,0,1,0,0,0,0,0,0,0,0,0,0,0,1,2,0,0,0,0,0,0,0,0,0,1,0,0,Organization,multi-distro
mrpt-ros-pkg/mrpt_sensors,0,0,0,0,0,0,0,0,0,0,0,0,0,0,0,0,0,0,0,0,0,0,0,0,0,0,0,0,1,0,0,0,0,Organization,multi-distro
open-rmf/rmf_demos,0,0,0,0,0,0,0,0,0,0,2,0,1,0,0,0,0,0,0,0,0,0,0,0,0,1,0,0,0,0,0,1,0,Organization,multi-distro
open-rmf/rmf_ros2,0,1,0,0,0,0,0,1,0,2,1,1,0,0,0,0,1,0,0,0,1,0,0,0,0,1,1,1,0,0,0,2,0,Organization,multi-distro
ros2/ros2_tracing,2,0,0,0,0,1,0,0,1,0,0,0,0,0,0,1,0,0,0,0,0,0,0,0,0,2,1,0,0,0,1,0,0,Organization,multi-distro
RobotWebTools/rosbridge_suite,0,1,0,0,1,0,0,0,0,0,0,0,0,0,0,0,3,0,0,0,0,0,0,0,0,0,0,0,0,0,3,0,0,Organization,multi-distro
UniversalRobots/Universal_Robots_ROS2_Driver,0,0,0,0,0,0,0,0,0,0,0,0,1,0,1,1,0,0,0,0,1,0,0,0,0,3,1,1,2,1,0,0,0,Organization,multi-distro
uleroboticsgroup/yasmin,0,0,0,0,0,1,0,0,0,0,1,0,0,0,0,0,0,3,0,0,0,0,0,0,0,0,1,1,0,0,0,0,0,Organization,multi-distro
AutoAPMS/auto-apms,0,0,0,0,0,0,0,0,0,0,0,0,0,0,0,0,0,0,0,0,0,0,0,0,0,0,0,0,0,0,1,0,0,Organization,multi-distro
autowarefoundation/agnocast,0,1,1,0,0,0,0,0,0,0,0,0,0,0,0,0,0,1,0,0,0,0,0,0,0,0,1,0,0,1,1,4,2,Organization,humble-only
autowarefoundation/autoware_internal_msgs,0,0,0,0,0,0,0,0,0,0,0,0,0,0,0,0,0,0,0,0,1,1,0,0,0,0,0,0,0,0,0,0,0,Organization,multi-distro
autowarefoundation/autoware_rviz_plugins,0,1,1,0,0,0,0,0,0,0,0,0,0,0,1,0,1,0,0,0,1,0,0,0,1,0,0,1,0,1,0,0,0,Organization,humble-only
ros-perception/image_common,0,0,0,0,0,0,0,0,0,0,0,0,0,0,0,0,1,0,0,0,1,2,0,0,0,0,0,0,0,1,0,0,0,Organization,multi-distro
rt-net/crane_plus,0,0,0,0,0,0,0,0,0,0,0,0,0,0,0,0,0,0,0,0,0,0,0,0,0,0,0,0,1,0,1,0,0,Organization,multi-distro
ros/diagnostics,0,0,0,0,0,0,0,0,0,0,0,0,1,0,0,0,1,3,0,0,0,0,0,0,0,0,0,0,0,0,0,0,0,Organization,multi-distro
ros2/launch,1,0,0,0,0,0,0,0,0,0,2,0,1,0,2,0,0,1,2,0,0,0,0,0,0,1,0,0,0,1,0,0,0,Organization,multi-distro
moveit/moveit_task_constructor,0,0,1,0,0,0,2,0,0,0,0,0,0,0,0,0,2,0,0,2,0,0,0,0,0,0,0,0,0,0,0,0,0,Organization,multi-distro
aussierobots/ublox_dgnss,0,0,0,0,0,0,1,0,0,0,0,0,0,0,0,0,0,0,0,1,0,0,0,0,0,0,0,0,2,0,0,0,0,Organization,multi-distro
ros-visualization/qt_gui_core,0,0,0,0,0,0,0,0,0,0,3,0,0,0,0,0,0,0,0,0,0,0,0,0,0,1,0,0,0,0,1,1,0,Organization,multi-distro
open-rmf/rmf_simulation,0,0,0,0,0,0,0,0,0,0,0,0,0,0,0,0,1,0,0,0,0,0,0,0,0,0,0,0,0,0,0,0,0,Organization,multi-distro
pal-robotics/talos_robot,0,0,0,0,0,0,2,0,0,0,0,0,1,0,0,0,0,0,0,0,0,0,0,0,0,0,1,0,0,1,2,0,0,Organization,humble-only
ros2/ament_cmake_ros,1,0,0,0,0,0,0,0,0,1,0,0,1,0,0,0,0,0,1,1,0,0,0,0,0,0,0,0,0,0,0,0,0,Organization,multi-distro
ros-misc-utilities/apriltag_detector,0,0,0,0,0,0,0,0,0,0,0,0,0,0,0,0,0,0,1,0,0,0,0,0,0,0,0,0,0,0,0,0,0,Organization,multi-distro
blackcoffeerobotics/bcr_arm,0,0,0,0,0,0,0,0,0,1,0,0,0,0,1,0,0,0,0,0,1,0,0,1,0,0,0,0,0,0,0,0,0,Organization,multi-distro
ros/bond_core,0,0,0,0,0,0,0,0,0,0,0,0,0,0,0,0,0,0,0,0,0,0,0,0,0,0,0,0,0,0,2,0,0,Organization,multi-distro
ros-perception/image_transport_plugins,0,1,0,0,0,0,1,0,0,0,2,0,0,0,0,0,0,0,0,0,0,0,0,0,0,1,0,0,0,0,0,0,0,Organization,multi-distro
ros-controls/gz_ros2_control,2,0,0,0,0,0,0,0,0,0,0,0,0,0,1,2,1,1,0,0,0,0,0,0,3,0,0,1,1,1,0,0,0,Organization,multi-distro
ros-teleop/teleop_tools,0,0,0,0,0,0,0,0,0,0,0,0,0,0,0,0,0,0,0,0,0,0,0,0,0,0,1,3,0,0,0,0,0,Organization,multi-distro
mavlink/mavros,0,0,0,1,0,0,2,0,0,1,1,1,2,0,0,0,0,0,0,1,2,0,0,0,0,0,0,0,1,1,1,0,0,Organization,multi-distro
swri-robotics/mapviz,0,0,0,0,1,2,0,0,0,0,0,0,0,0,0,0,0,0,0,0,1,0,0,0,2,0,0,0,0,0,0,0,0,Organization,multi-distro
MOLAorg/mola_state_estimation,0,0,0,0,0,0,0,0,0,0,0,0,0,0,0,0,0,0,0,0,0,0,0,0,0,1,0,0,0,0,0,1,0,Organization,multi-distro
pal-robotics/pal_pro_gripper,0,0,0,0,1,0,0,0,0,0,2,1,0,1,2,0,0,0,1,0,1,0,0,0,0,0,0,1,0,2,0,0,0,Organization,humble-only
ros-visualization/rqt,0,0,0,0,0,0,0,0,0,0,0,1,1,0,0,0,0,0,0,0,0,0,0,0,0,0,0,0,0,1,0,0,0,Organization,multi-distro
alliedvision/vimbax_ros2_driver,0,0,0,0,0,0,0,0,0,0,0,0,0,0,0,0,0,2,0,0,0,0,0,0,0,0,0,0,0,0,0,0,0,Organization,humble-only
ctu-vras/compass,0,0,0,0,0,0,0,0,0,0,0,0,0,0,0,0,0,0,0,0,0,0,0,0,0,0,0,1,0,0,0,0,0,Organization,multi-distro
clearpathrobotics/clearpath_desktop,0,0,0,1,0,0,0,0,0,0,0,0,0,0,0,0,0,0,0,0,0,0,0,0,0,0,0,0,2,0,0,0,0,Organization,multi-distro
4am-robotics/cob_common,0,0,1,0,0,1,0,0,0,0,0,0,0,0,0,0,0,0,0,0,0,0,0,0,0,0,0,0,0,0,0,0,0,Organization,multi-distro
ros-drivers/flir_camera_driver,0,0,0,0,0,0,0,0,0,0,0,0,0,0,0,0,2,0,0,0,0,0,0,0,0,0,0,0,0,0,0,0,0,Organization,multi-distro
unisa-acg/inverse-dynamics-solver,0,0,0,0,0,0,1,0,0,0,0,0,0,0,0,0,0,0,0,0,0,0,0,0,0,1,0,0,0,1,0,0,0,Organization,multi-distro
eclipse-iceoryx/iceoryx,0,0,1,0,1,0,0,0,0,0,0,0,2,1,0,0,0,0,0,0,0,0,0,0,0,0,0,0,0,0,0,0,0,Organization,multi-distro
CCNYRoboticsLab/imu_tools,0,0,0,0,0,0,0,0,0,0,0,0,0,0,0,0,0,0,0,0,0,0,0,0,2,2,0,0,0,0,0,0,0,Organization,multi-distro
LeoRover/leo_common-ros2,0,0,0,0,0,0,0,0,0,0,0,0,0,0,0,0,0,0,0,0,0,0,1,0,0,0,0,0,0,0,0,0,0,Organization,multi-distro
LeoRover/leo_robot-ros2,0,0,0,0,0,0,0,0,0,0,0,0,0,0,0,0,0,0,0,0,0,0,0,0,1,0,0,0,0,0,0,0,0,Organization,multi-distro
pal-robotics/omni_base_navigation,0,0,0,0,0,0,0,0,0,0,0,0,1,0,0,0,0,0,0,0,0,0,0,0,0,0,1,0,0,0,1,0,0,Organization,humble-only
pal-robotics/omni_base_robot,0,0,0,0,1,0,0,0,0,0,0,0,0,0,0,0,1,0,0,0,0,0,0,0,1,0,0,0,0,0,0,0,0,Organization,humble-only
open-navigation/opennav_docking,0,0,0,0,0,0,0,0,1,0,0,0,0,0,0,0,0,0,0,1,0,0,0,0,0,0,1,0,0,0,0,0,0,Organization,humble-only
pal-robotics/pal_gripper,0,0,0,0,0,0,0,0,0,0,0,0,0,0,0,1,0,0,0,0,0,0,0,0,0,0,0,1,0,2,1,1,0,Organization,humble-only
pal-robotics/pal_sea_arm,3,0,0,0,1,0,2,1,0,0,0,0,1,2,0,0,0,0,1,0,0,0,0,0,1,0,0,0,0,0,2,0,0,Organization,humble-only
pal-robotics/pmb2_navigation,0,0,0,0,0,0,2,0,0,0,0,0,1,0,0,0,0,0,0,0,0,0,0,0,0,0,1,0,0,0,1,0,0,Organization,humble-only
pal-robotics/pmb2_robot,0,0,0,0,0,0,0,0,0,0,0,0,0,0,0,0,1,0,0,0,0,0,0,0,0,0,0,1,0,0,0,0,0,Organization,humble-only
MetroRobots/polygon_ros,0,0,0,2,0,0,0,0,0,0,1,0,0,0,0,0,0,0,0,0,0,0,0,0,0,0,0,0,0,0,0,0,0,Organization,multi-distro
ros2/rcl,1,0,0,1,0,0,0,0,0,1,0,0,0,0,0,0,2,0,0,0,0,0,0,0,0,1,0,1,1,3,0,0,0,Organization,multi-distro
ros2/rclc,0,0,0,0,0,0,0,1,0,1,0,0,0,0,0,0,1,0,0,0,0,0,0,0,0,0,0,0,0,1,1,0,0,Organization,multi-distro
ros2/rclcpp,1,1,1,0,1,0,0,1,0,0,1,0,1,0,1,0,3,2,2,0,1,2,0,0,1,0,3,0,2,1,4,0,0,Organization,multi-distro
pal-robotics/tiago_navigation,0,0,0,0,0,0,0,0,0,0,0,0,0,0,0,0,0,0,0,1,0,0,0,0,0,0,0,0,0,0,0,0,0,Organization,humble-only
pal-robotics/tiago_robot,0,0,0,1,0,0,0,1,0,0,0,0,2,2,0,0,0,0,0,0,0,0,0,0,0,0,0,1,0,0,0,0,0,Organization,humble-only
pal-robotics/tiago_pro_navigation,0,0,0,0,0,0,0,0,0,0,0,1,1,0,0,0,0,0,0,1,0,0,0,0,0,0,0,0,0,0,0,0,0,Organization,humble-only
pal-robotics/tiago_pro_robot,2,1,0,0,1,0,0,0,1,0,0,1,1,0,0,0,0,0,1,0,0,0,0,0,0,0,0,2,0,1,2,2,0,Organization,humble-only
pal-robotics/tiago_pro_head_robot,0,0,0,0,1,0,0,0,0,0,0,1,1,0,1,0,0,1,1,0,1,0,0,0,0,0,0,0,0,0,0,0,0,Organization,humble-only
turtlebot/turtlebot4,0,0,0,0,0,0,1,0,0,0,0,0,0,0,0,0,0,0,0,0,0,0,0,0,0,0,0,0,0,0,0,0,0,Organization,multi-distro
ctu-vras/ros-utils,0,0,0,0,0,0,0,0,0,0,0,0,0,0,1,0,0,0,0,0,0,0,0,0,0,0,0,0,0,1,0,0,0,Organization,multi-distro
RaphRover/raph_common,0,0,0,0,0,0,0,0,0,0,0,0,0,0,0,0,0,0,0,0,0,0,0,0,0,0,0,1,0,0,0,1,0,Organization,jazzy-only
Ekumen-OS/beluga,0,0,0,1,0,0,0,0,0,0,0,0,0,0,0,0,0,1,0,0,0,1,0,0,1,2,0,0,1,0,0,0,0,Organization,multi-distro
clearpathrobotics/clearpath_simulator,0,0,1,0,0,0,0,0,0,0,0,0,0,0,0,0,0,0,0,0,1,0,0,0,0,0,1,0,0,2,0,0,0,Organization,multi-distro
MetroRobots/metrics_msgs,0,0,0,0,0,0,0,0,0,0,0,0,0,0,0,0,0,0,0,0,0,0,0,0,0,1,0,0,0,0,0,0,0,Organization,humble-only
ros-perception/vision_opencv,0,0,0,0,0,0,0,0,0,0,0,0,0,0,0,0,0,0,0,0,0,0,2,0,0,0,0,0,0,0,0,0,0,Organization,multi-distro
octomap/octomap,1,0,0,0,0,0,0,0,1,0,0,1,1,0,0,0,0,0,0,0,0,0,1,0,1,0,0,0,1,0,0,0,0,Organization,multi-distro
ROBOTIS-GIT/DynamixelSDK,0,0,0,0,0,0,0,0,0,0,0,0,0,0,0,0,0,0,0,0,0,0,0,0,2,0,0,0,0,0,0,0,0,Organization,multi-distro
ros2/rosidl_typesupport_fastrtps,0,0,0,0,0,0,0,0,0,1,0,0,0,0,0,1,1,0,0,0,0,0,0,0,0,1,0,0,0,0,0,0,0,Organization,multi-distro
PickNikRobotics/generate_parameter_library,0,0,0,0,0,0,0,0,0,0,0,0,0,0,1,0,4,1,0,0,1,0,0,0,0,0,0,3,0,0,1,0,0,Organization,multi-distro
ros-controls/kinematics_interface,0,0,0,0,0,0,1,0,0,0,0,0,0,0,0,0,0,0,1,1,0,0,0,0,0,0,0,1,0,0,0,0,0,Organization,multi-distro
ros2/launch_ros,1,0,0,0,0,0,1,0,0,0,1,0,0,0,1,0,1,0,0,0,1,0,0,0,0,0,0,0,1,2,1,0,0,Organization,multi-distro
ros-controls/mujoco_ros2_control,1,0,0,0,0,0,0,0,0,0,1,0,0,0,0,0,0,0,0,0,2,0,0,0,0,1,0,0,0,4,0,0,2,Organization,multi-distro
orbbec/OrbbecSDK_ROS2,0,1,1,0,0,0,0,0,1,0,0,0,1,0,0,0,0,0,0,0,0,0,0,0,0,0,0,1,0,1,0,0,0,Organization,multi-distro
ros-perception/perception_pcl,0,0,0,0,1,0,0,0,0,0,0,0,0,0,0,0,0,0,0,0,0,0,0,0,1,0,0,0,1,4,0,1,0,Organization,multi-distro
pal-robotics/play_motion2,0,0,0,0,0,0,0,0,0,0,1,0,0,1,0,0,0,0,0,0,0,0,0,0,0,0,0,0,0,2,0,0,0,Organization,multi-distro
pal-robotics/play_motion_builder,0,0,0,0,0,0,0,0,0,0,0,0,0,0,0,0,0,0,0,0,0,0,0,0,1,0,0,0,0,0,0,0,0,Organization,multi-distro
rt-net/raspimouse_sim,0,0,0,0,0,0,0,0,0,0,0,0,0,0,0,0,0,0,0,0,0,0,0,0,0,0,0,0,2,0,0,0,0,Organization,multi-distro
ros2/rcl_logging,0,1,0,0,0,0,0,0,0,0,0,0,1,0,0,1,0,0,0,0,0,0,0,0,0,0,1,1,0,0,0,0,0,Organization,multi-distro
IntelRealSense/realsense-ros,1,0,0,1,0,0,0,0,2,0,0,0,0,0,0,1,0,0,0,0,0,0,2,0,1,0,0,1,0,0,0,0,0,Organization,multi-distro
ros2/rmw,0,0,0,0,0,0,0,0,0,0,1,0,0,0,0,0,5,0,0,0,1,0,0,0,0,0,0,0,0,0,0,0,0,Organization,multi-distro
ros2/rmw_connextdds,0,0,0,0,0,0,0,1,0,0,0,0,0,0,0,1,2,0,0,0,1,0,0,0,0,0,0,0,0,1,0,0,0,Organization,multi-distro
ros2/rmw_fastrtps,0,0,1,0,0,0,0,0,0,0,0,0,0,0,0,1,5,0,0,0,0,0,0,0,0,0,0,0,0,0,0,0,0,Organization,multi-distro
ros-tooling/graph-monitor,0,1,0,0,0,0,0,0,0,0,0,0,0,0,0,1,0,1,0,0,0,0,0,0,0,0,0,0,0,0,0,0,0,Organization,multi-distro
ros2/rmw_zenoh,1,0,1,0,0,1,2,0,1,1,0,0,1,0,0,1,3,0,0,0,2,0,0,0,3,0,1,1,1,0,1,0,0,Organization,multi-distro
suchetanrs/roadmap-explorer,0,0,0,0,0,0,0,0,0,0,0,1,0,0,0,0,0,0,0,0,0,0,0,0,0,0,0,0,0,0,0,0,0,User,multi-distro
SICKAG/sick_safevisionary_ros2,0,0,0,0,0,0,0,0,0,0,0,0,0,0,0,0,1,0,0,0,0,0,0,0,0,0,0,0,0,0,0,0,0,Organization,multi-distro
FraunhoferIOSB/multisensor_calibration,0,0,0,0,0,0,0,0,0,0,0,0,0,0,0,0,0,0,0,0,0,0,0,0,0,0,0,0,0,0,0,1,0,Organization,multi-distro
ros-navigation/nav2_minimal_turtlebot_simulation,0,0,0,0,0,0,0,1,0,0,0,0,0,0,0,0,0,0,0,0,0,0,0,0,0,0,0,0,0,0,0,0,0,Organization,multi-distro
ament/ament_index,0,0,0,0,0,0,0,0,0,0,0,0,1,0,0,0,0,0,0,0,0,2,0,0,2,0,0,0,0,0,0,0,0,Organization,multi-distro
vtalpaert/ardrone-ros2,0,0,0,0,0,0,0,0,0,0,0,0,0,0,0,0,0,0,0,0,1,0,0,0,0,0,0,1,0,0,0,0,0,User,multi-distro
fictionlab/ros_aruco_opencv,0,0,0,0,0,0,0,0,0,0,0,0,0,0,0,0,0,0,0,1,0,0,0,0,0,0,0,0,0,0,0,0,0,Organization,multi-distro
autowarefoundation/autoware_adapi_msgs,0,0,0,0,0,1,0,0,0,0,0,0,0,0,0,1,0,0,0,0,0,1,0,0,0,0,0,0,0,0,0,0,0,Organization,multi-distro
autowarefoundation/autoware_cmake,0,0,0,0,0,0,1,0,0,0,0,0,0,0,0,2,0,0,0,0,0,0,0,0,0,0,0,0,0,0,0,0,0,Organization,multi-distro
autowarefoundation/autoware_lanelet2_extension,0,1,0,1,0,0,0,0,1,0,0,0,0,1,0,0,0,0,0,0,0,1,0,0,0,0,0,1,0,0,3,1,0,Organization,multi-distro
MetroRobots/metro_nav,0,0,0,0,0,0,0,0,0,0,0,0,0,0,0,0,0,0,0,0,0,0,0,0,0,1,0,0,0,0,0,0,0,Organization,humble-only
boschglobal/locator_ros_bridge,0,0,0,0,0,0,0,0,0,0,0,0,0,0,0,1,0,0,0,0,0,0,0,0,0,0,0,0,1,1,0,0,0,Organization,humble-only
ros-tooling/rosbag2_broll,0,0,0,0,0,0,0,0,0,0,0,0,0,0,0,1,0,0,0,0,0,0,0,0,0,0,0,0,0,0,0,0,0,Organization,multi-distro
tier4/caret_trace,0,0,0,0,0,0,0,0,0,0,0,0,0,0,0,0,0,1,0,0,0,0,0,0,0,0,0,1,0,0,0,0,0,Organization,humble-only
clearpathrobotics/clearpath_msgs,0,0,0,0,0,0,0,0,0,0,0,0,0,0,0,0,0,0,0,0,0,0,0,0,0,0,0,0,2,0,0,0,0,Organization,multi-distro
facontidavide/cloudini,0,0,1,0,0,0,0,0,0,0,1,0,0,0,1,0,0,0,0,0,0,0,0,0,0,0,0,0,2,0,2,1,0,User,multi-distro
PickNikRobotics/data_tamer,0,0,0,0,0,0,0,0,0,1,1,0,0,1,0,0,0,0,0,0,0,0,0,0,0,0,0,0,0,0,0,0,0,Organization,multi-distro
eProsima/Fast-DDS,1,0,0,0,0,0,1,1,1,0,1,0,0,0,0,0,1,0,1,0,0,0,0,0,0,2,0,1,1,0,1,3,0,Organization,multi-distro
foxglove/foxglove-sdk,0,0,0,0,0,0,0,0,1,0,0,0,2,0,4,0,1,0,1,1,1,1,0,0,1,1,3,2,1,1,7,7,0,Organization,multi-distro
ros4hri/libhri,0,0,0,0,0,0,0,0,0,0,0,0,0,0,0,0,0,0,0,0,0,0,0,0,0,0,0,0,1,0,0,0,0,Organization,multi-distro
ros/joint_state_publisher,0,0,0,0,0,0,0,0,0,0,0,0,0,0,0,0,0,0,0,0,0,2,0,0,0,1,1,0,0,0,0,0,0,Organization,multi-distro
automatika-robotics/kompass,0,0,0,0,0,0,0,0,0,0,0,0,0,0,0,0,0,0,0,0,0,0,0,0,1,0,0,0,0,0,2,0,0,Organization,multi-distro
kroshu/kuka-external-control-sdk,0,0,0,0,2,0,0,0,0,0,0,0,0,0,0,0,0,1,0,0,1,0,0,0,0,0,0,0,0,0,2,1,0,Organization,humble-only
ros/resource_retriever,0,0,0,0,0,0,0,0,0,0,0,0,0,0,0,0,0,0,0,0,0,2,0,0,0,0,0,0,0,0,0,0,0,Organization,multi-distro
IMRCLab/motion_capture_tracking,0,0,0,0,0,0,0,0,0,0,0,0,0,0,0,0,0,0,0,0,0,0,0,0,0,0,0,0,0,0,2,0,0,Organization,multi-distro
ika-rwth-aachen/mqtt_client,0,0,0,0,0,0,0,0,0,0,0,1,0,0,0,0,0,0,1,1,0,0,0,0,0,0,0,0,0,0,0,0,0,Organization,multi-distro
MRPT/mrpt_ros_bridge,0,0,0,0,0,0,0,0,0,0,0,0,0,0,0,0,0,0,0,0,0,0,0,0,0,0,0,0,1,0,1,0,0,Organization,multi-distro
OctoMap/octomap_mapping,0,0,0,0,0,0,0,0,0,0,0,0,0,0,0,0,0,0,0,0,0,0,0,0,0,0,2,0,0,0,0,0,0,Organization,multi-distro
pal-robotics/omni_base_simulation,0,0,0,0,0,0,0,0,0,0,1,0,0,1,0,0,0,0,0,0,1,0,0,0,0,0,0,0,0,0,0,0,0,Organization,humble-only
SteveMacenski/spatio_temporal_voxel_layer,0,0,1,0,0,0,0,1,0,0,0,1,0,0,0,0,1,0,1,0,0,0,0,0,1,1,0,0,0,0,1,0,0,User,multi-distro
ros2/orocos_kdl_vendor,0,0,0,0,0,0,0,0,0,0,0,0,1,0,0,1,0,0,0,0,0,0,0,0,0,0,0,0,0,0,0,0,0,Organization,multi-distro
ouster-lidar/ouster-ros,0,0,1,0,0,1,0,0,0,0,0,0,0,0,0,0,0,0,0,0,0,0,0,0,0,0,0,0,0,0,1,0,0,Organization,multi-distro
pal-robotics/pal_sea_arm_simulation,0,0,0,0,0,0,0,0,0,0,0,1,0,0,0,0,0,0,0,0,0,0,0,0,0,0,0,0,0,0,0,0,0,Organization,humble-only
pal-robotics/pal_statistics,0,0,0,0,0,0,1,1,0,0,0,0,0,0,0,0,0,0,0,0,0,0,0,0,0,0,0,0,0,0,0,0,0,Organization,multi-distro
PickNikRobotics/picknik_controllers,0,0,0,0,0,0,0,0,0,0,0,0,0,0,0,0,0,0,1,0,1,0,0,0,0,0,0,0,0,0,0,0,0,Organization,multi-distro
ros/pluginlib,0,0,0,0,0,0,0,0,0,2,2,0,0,0,0,0,1,0,0,0,0,0,0,0,0,0,0,0,0,1,1,1,0,Organization,multi-distro
pal-robotics/pmb2_simulation,0,0,0,0,0,0,0,0,0,0,1,0,0,1,0,0,0,0,0,1,1,0,0,0,0,0,0,0,0,0,0,0,0,Organization,humble-only
ros-perception/point_cloud_transport,0,0,0,0,0,0,0,0,0,0,0,1,1,0,1,0,0,0,0,0,0,0,0,0,0,1,1,0,0,0,0,0,0,Organization,multi-distro
roboception/rc_reason_clients_ros2,0,0,0,0,0,0,0,0,0,0,0,0,0,0,0,0,0,0,0,0,0,0,0,0,0,0,1,0,2,0,1,0,0,Organization,multi-distro
DFKI-NI/rospy_message_converter,0,0,0,0,0,0,0,0,0,0,0,0,0,0,0,0,0,0,0,0,0,0,0,0,0,0,0,0,0,0,0,1,0,Organization,multi-distro
open-rmf/rmf_task,0,0,0,0,0,0,0,0,0,0,0,0,0,0,0,0,0,0,0,0,0,0,0,0,0,1,0,0,0,0,0,1,0,Organization,multi-distro
open-rmf/rmf_traffic,0,1,0,0,0,0,0,0,0,0,0,0,0,0,0,0,0,0,1,0,0,0,0,0,0,1,0,0,0,0,0,0,0,Organization,multi-distro
mikeferguson/robot_calibration,0,0,0,0,0,0,0,0,0,0,0,0,0,0,0,0,0,0,0,0,0,0,0,0,0,0,0,1,0,0,0,0,0,User,multi-distro
PickNikRobotics/ros2_robotiq_gripper,0,0,0,0,0,0,0,0,0,0,0,0,0,0,0,0,0,1,2,0,0,0,0,0,0,0,0,0,0,0,0,0,0,Organization,multi-distro
autowarefoundation/ros2_socketcan,0,1,0,0,0,0,0,0,0,0,0,0,0,0,0,0,0,0,0,0,0,0,0,0,0,0,2,0,0,0,0,0,0,Organization,multi-distro
ros-tracing/tracetools_analysis,0,0,0,0,0,0,0,0,0,0,0,0,0,0,0,1,0,0,0,0,0,0,0,0,0,0,0,0,0,0,0,0,0,Organization,multi-distro
LOEWE-emergenCITY/ros2_babel_fish,0,0,0,0,0,0,0,0,0,0,0,0,0,0,0,0,0,1,0,0,0,0,0,0,0,0,0,0,0,0,0,0,0,Organization,multi-distro
ros2/rosidl_typesupport,0,0,1,0,0,0,0,0,0,0,0,0,1,0,0,0,0,0,0,0,0,0,0,0,0,1,0,0,0,0,0,0,0,Organization,multi-distro
ros-visualization/rqt_bag,1,0,0,0,0,0,0,0,0,0,0,0,0,0,0,0,0,2,0,0,0,0,0,0,0,0,0,0,0,0,0,0,0,Organization,multi-distro
ros2/realtime_support,1,0,0,0,0,0,0,0,0,0,0,0,0,0,0,1,0,0,0,0,0,0,0,0,0,0,0,0,0,0,0,1,0,Organization,multi-distro
teamspatzenhirn/rviz_2d_overlay_plugins,0,0,0,0,0,0,0,0,0,0,0,0,0,0,0,1,0,0,0,0,0,0,0,0,0,0,0,0,0,0,0,0,0,Organization,multi-distro
robosoft-ai/SMACC2,0,0,0,0,0,0,0,0,0,0,0,0,0,1,0,1,0,0,0,0,0,0,0,0,0,0,0,0,0,0,1,0,0,Organization,multi-distro
MetroRobots/social_nav_ros,0,0,0,0,0,0,0,0,0,0,1,0,0,0,0,0,0,0,0,0,0,0,0,0,0,0,0,0,0,0,0,0,0,Organization,humble-only
ros2/sros2,2,0,0,0,0,0,0,0,0,0,0,0,0,0,0,0,0,0,0,1,1,0,0,0,0,0,0,0,0,1,1,0,0,Organization,multi-distro
PickNikRobotics/cpp_polyfills,0,0,0,0,0,0,0,0,0,0,0,0,0,0,1,0,0,0,0,0,0,3,0,0,0,0,0,0,0,0,0,0,0,Organization,multi-distro
pal-robotics/tiago_simulation,0,0,0,0,0,0,0,0,0,0,1,0,0,0,0,0,0,0,0,0,1,0,0,0,0,0,0,0,1,1,0,0,0,Organization,humble-only
pal-robotics/tiago_pro_simulation,0,0,0,0,0,0,0,0,0,0,1,1,0,2,0,0,0,0,0,0,1,0,0,0,0,0,0,0,1,0,0,0,0,Organization,humble-only
pal-robotics/tiago_pro_head_simulation,1,0,0,0,0,0,0,0,0,0,0,1,0,0,0,0,0,0,0,0,0,0,0,0,0,0,0,0,0,0,0,0,0,Organization,humble-only
ros/ros_tutorials,0,0,0,0,0,0,0,0,0,1,0,0,0,0,0,0,0,0,0,1,0,0,0,0,0,0,0,0,2,0,0,1,0,Organization,multi-distro
ros-perception/vision_msgs,0,0,0,0,0,0,0,0,0,0,0,0,0,0,0,0,0,0,0,0,0,0,0,0,0,1,0,0,0,0,0,0,0,Organization,multi-distro
ipa320/ros_battery_monitoring,0,0,0,0,0,0,0,0,1,0,0,0,0,0,0,0,0,0,2,0,0,0,0,0,0,0,1,0,0,0,0,0,0,Organization,multi-distro
ros-controls/topic_based_hardware_interfaces,0,0,0,1,0,0,1,0,0,0,0,0,0,0,0,0,0,0,1,0,0,0,0,0,0,0,0,1,0,1,0,0,0,Organization,multi-distro
RaphRover/raph_robot,0,0,0,0,0,0,0,0,0,0,0,0,0,0,0,0,0,0,0,1,0,0,0,0,0,0,0,0,0,0,0,0,0,Organization,jazzy-only
ros2/rosidl_core,0,0,0,0,0,0,1,0,0,0,2,0,0,0,0,0,0,0,0,0,0,0,0,0,0,0,0,0,0,0,0,0,0,Organization,multi-distro
ros/sdformat_urdf,0,0,0,0,0,0,0,0,0,0,0,0,0,0,0,0,0,0,0,0,0,0,0,0,0,0,0,0,0,0,2,0,0,Organization,multi-distro
analogdevicesinc/imu_ros2,0,0,0,0,0,0,0,0,0,0,1,0,0,1,0,0,0,0,0,0,0,0,0,0,0,0,0,0,0,0,0,0,0,Organization,multi-distro
analogdevicesinc/adi_tmc_coe_ros2,0,0,1,1,0,0,0,0,0,0,1,0,0,0,0,0,0,0,0,0,1,0,0,0,0,0,0,0,0,0,0,0,0,Organization,humble-only
analogdevicesinc/tmcl_ros2,2,1,0,0,0,0,0,0,0,0,0,0,0,0,0,0,0,0,0,0,1,0,0,0,0,0,0,0,0,0,0,0,0,Organization,humble-only
ament/ament_package,1,0,0,0,0,0,0,0,0,0,0,0,0,0,0,0,0,2,0,0,0,0,0,0,0,0,0,0,0,0,0,0,0,Organization,multi-distro
Ekumen-OS/andino_gz,0,0,1,0,0,0,0,0,0,2,0,0,0,0,0,0,0,0,0,0,0,0,0,0,0,0,0,0,0,0,0,0,0,Organization,humble-only
ros/angles,0,0,0,0,0,0,0,0,1,0,0,0,0,0,0,0,0,0,0,0,0,0,0,0,0,0,0,0,0,0,0,0,0,Organization,multi-distro
AprilRobotics/apriltag,0,1,0,0,0,0,0,0,1,1,1,0,0,0,0,0,0,0,0,0,0,0,0,0,2,0,1,1,1,1,0,1,0,Organization,multi-distro
christianrauch/apriltag_ros,0,0,0,0,0,0,0,0,0,0,0,0,0,0,0,1,0,0,0,1,0,0,0,0,0,0,0,0,0,0,0,0,0,User,multi-distro
aerostack2/as2_platform_dji_psdk,0,0,0,0,0,0,2,0,0,0,0,0,0,0,0,0,0,0,0,0,0,0,0,0,0,0,0,0,0,0,0,0,0,Organization,humble-only
aerostack2/as2_platform_mavlink,0,0,0,0,0,0,0,0,0,0,0,0,0,0,0,0,0,0,2,0,0,0,0,0,0,0,0,0,0,0,0,0,0,Organization,humble-only
aerostack2/as2_platform_pixhawk,0,0,0,0,0,0,0,0,0,0,0,0,0,0,0,0,0,0,2,0,0,0,0,0,0,0,0,0,0,0,0,0,0,Organization,humble-only
aerostack2/as2_platform_tello,0,0,0,0,0,0,0,0,0,0,0,0,0,0,0,0,0,0,2,0,0,0,0,0,0,0,0,0,0,0,0,0,0,Organization,humble-only
fkie/async_web_server_cpp,0,0,0,0,1,1,0,0,0,0,0,0,0,0,0,0,0,0,0,0,0,0,0,0,0,1,0,0,0,0,0,0,0,Organization,multi-distro
ma-shangao/at_sonde_ros_driver,0,0,0,0,0,0,0,0,0,0,0,0,0,0,0,0,0,1,0,0,0,0,0,0,0,0,0,0,0,1,0,0,0,User,multi-distro
automatika-robotics/ros-agents,0,0,0,0,0,0,0,0,0,0,0,0,0,0,0,0,0,0,0,0,0,0,0,0,0,0,0,0,0,1,1,0,0,Organization,multi-distro
automatika-robotics/ros-sugar,0,0,0,0,0,0,0,0,0,0,0,0,0,0,0,0,0,0,0,0,0,0,0,0,0,0,0,0,0,0,2,0,0,Organization,multi-distro
BehaviorTree/BehaviorTree.CPP,1,0,0,0,0,0,3,0,0,0,2,0,1,0,0,0,0,0,0,0,1,0,0,0,0,0,0,4,2,1,0,0,0,Organization,multi-distro
dfki-ric/better_launch,0,2,0,0,0,0,0,0,1,0,0,0,1,1,0,1,1,2,0,0,0,0,0,1,0,0,0,2,0,0,0,0,0,Organization,multi-distro
tesseract-robotics/boost_plugin_loader,0,1,0,0,0,0,0,0,0,0,0,0,0,0,2,0,0,0,0,0,0,0,0,0,0,0,0,0,0,0,0,0,0,Organization,multi-distro
tier4/callback_isolated_executor,0,0,0,0,0,0,0,1,0,0,0,0,0,0,0,0,0,0,0,0,0,0,0,0,0,1,0,1,0,0,0,2,0,Organization,humble-only
christianrauch/camera_ros,0,0,0,0,0,0,0,0,0,0,0,1,0,0,0,0,0,0,0,1,0,0,0,0,0,0,0,0,1,0,0,0,0,User,multi-distro
tier4/caret_analyze,0,0,0,0,0,0,0,0,0,0,0,0,0,0,0,0,0,0,0,0,0,2,0,0,0,0,0,1,0,1,0,0,0,Organization,humble-only
tier4/caret_analyze_cpp_impl,0,0,0,0,0,0,0,0,0,0,0,0,0,0,0,0,0,0,0,0,0,0,0,0,0,0,0,1,0,0,0,0,0,Organization,humble-only
ngmor/catch_ros2,0,0,0,0,0,1,0,0,0,0,0,0,0,0,0,0,0,0,0,0,0,0,0,0,0,0,0,0,0,0,0,0,0,User,multi-distro
ros/class_loader,0,0,0,0,0,0,0,0,0,1,1,0,0,0,0,0,0,0,0,0,0,0,0,0,0,0,0,0,0,0,1,1,0,Organization,multi-distro
MetroRobots/classic_bags,0,0,0,0,0,0,0,0,0,0,0,0,0,0,0,0,0,0,0,0,0,0,0,0,0,1,0,1,0,0,0,0,0,Organization,multi-distro
clearpathrobotics/clearpath_config,0,0,0,1,0,0,0,0,0,0,0,1,0,0,0,0,0,0,0,0,0,0,0,0,0,0,0,0,0,2,0,0,0,Organization,multi-distro
clearpathrobotics/clearpath_nav2_demos,0,1,0,0,0,0,0,0,0,0,1,0,0,0,0,0,0,0,0,1,0,0,0,0,0,0,0,0,1,0,0,0,0,Organization,multi-distro
coal-library/coal,0,0,0,1,0,0,0,0,0,0,0,0,0,0,0,1,2,1,0,0,0,0,0,0,1,0,0,1,1,6,0,0,0,Organization,multi-distro
MetroRobots/color_util,0,0,0,0,0,0,0,0,0,0,0,0,0,0,0,0,0,0,0,0,0,0,0,0,0,1,0,1,0,1,0,0,0,Organization,multi-distro
ros-controls/control_msgs,0,0,0,0,2,0,1,0,0,0,0,0,0,0,0,1,0,0,0,1,0,0,1,0,0,0,1,1,1,0,0,0,0,Organization,multi-distro
ros-controls/control_toolbox,0,0,0,0,0,1,1,0,0,0,0,2,0,1,0,1,0,0,1,0,0,0,0,0,0,0,0,2,0,0,0,0,0,Organization,multi-distro
eclipse-cyclonedds/cyclonedds,0,1,0,0,0,0,1,0,1,0,1,0,0,0,0,1,2,0,0,1,0,0,0,0,1,0,0,0,0,0,3,0,0,Organization,multi-distro
luxonis/depthai-core,1,2,1,0,1,0,0,0,0,0,1,1,0,2,0,1,0,0,3,1,2,1,0,0,4,7,0,0,0,0,0,0,0,Organization,multi-distro
ROBOTIS-GIT/dynamixel_hardware_interface,0,0,0,0,0,0,0,0,0,0,0,0,0,0,0,0,0,0,0,3,0,0,0,0,0,0,0,0,0,0,0,0,0,Organization,multi-distro
eclipse-ecal/ecal,0,0,2,0,0,0,0,0,1,0,0,0,0,0,0,1,0,0,0,0,0,0,0,0,0,0,0,0,1,1,4,1,0,Organization,multi-distro
stack-of-tasks/eigenpy,0,1,0,0,0,0,0,0,1,1,0,0,0,0,0,0,0,0,0,0,2,0,0,0,1,0,0,1,3,1,0,0,0,Organization,multi-distro
stack-of-tasks/eiquadprog,0,0,0,0,0,0,0,0,0,0,0,0,0,0,1,1,0,0,0,0,0,1,0,0,0,0,0,2,0,0,0,0,0,Organization,multi-distro
ros-event-camera/event_camera_codecs,0,0,0,0,0,0,0,1,0,0,0,0,0,0,0,0,0,0,1,0,0,0,0,0,0,0,0,0,0,0,0,0,0,Organization,multi-distro
ros-event-camera/event_camera_msgs,0,0,0,0,0,0,0,0,0,0,0,0,0,0,0,0,0,0,1,0,0,0,0,0,0,0,0,0,0,0,0,0,0,Organization,multi-distro
ros-event-camera/event_camera_py,0,0,0,0,0,0,0,0,0,0,0,0,0,0,1,0,0,0,0,0,0,0,0,0,0,0,0,0,0,0,0,0,0,Organization,multi-distro
ros-event-camera/event_camera_renderer,0,0,0,0,0,0,1,0,0,0,0,0,0,0,0,0,0,0,1,0,0,0,0,0,0,0,0,0,0,0,0,0,0,Organization,multi-distro
ros-event-camera/event_camera_tools,0,0,0,0,0,0,0,1,0,0,0,0,0,0,0,0,0,0,0,0,0,0,0,0,0,1,0,0,0,0,0,0,0,Organization,multi-distro
JafarAbdi/feetech_ros2_driver,0,0,1,0,0,0,0,0,0,0,0,0,0,0,0,0,0,2,0,1,0,1,0,0,0,1,1,0,0,0,0,0,0,User,multi-distro
ros-misc-utilities/ffmpeg_encoder_decoder,0,0,0,0,0,0,0,1,0,0,0,0,0,0,0,0,0,0,0,0,0,0,0,0,0,0,0,0,0,0,0,0,0,Organization,multi-distro
ros-misc-utilities/ffmpeg_image_transport,0,0,0,0,0,0,0,0,0,0,0,0,1,0,0,0,0,0,0,0,0,0,0,0,0,0,0,0,0,0,0,0,0,Organization,multi-distro
ros-misc-utilities/ffmpeg_image_transport_msgs,0,0,0,0,0,0,0,0,0,0,0,1,0,0,0,0,0,0,0,0,0,0,0,0,0,0,0,0,0,0,0,0,0,Organization,multi-distro
Fields2Cover/fields2cover,0,0,0,0,0,0,0,0,0,0,0,0,0,0,0,0,0,0,0,0,0,0,0,0,2,0,0,0,0,0,0,0,0,Organization,multi-distro
fkie/message_filters,0,0,0,0,0,0,0,0,0,0,0,0,0,0,0,0,0,0,0,0,0,0,0,0,0,0,0,0,0,2,0,0,0,Organization,multi-distro
fkie/potree_rviz_plugin,0,0,0,0,0,0,0,0,0,0,0,0,0,0,0,0,0,0,0,0,0,0,0,0,0,0,0,0,1,0,0,0,0,Organization,multi-distro
eProsima/foonathan_memory_vendor,0,0,0,0,0,0,0,0,0,0,0,0,0,0,0,0,0,0,0,0,0,0,0,0,0,1,0,0,0,0,0,1,0,Organization,multi-distro
ros-misc-utilities/foxglove_compressed_video_transport,0,0,0,0,0,0,0,0,0,0,0,0,1,0,0,0,0,0,0,0,0,0,0,0,0,0,0,0,0,0,0,0,0,Organization,multi-distro
frankaemika/franka_description,0,0,0,1,0,0,0,0,0,0,0,0,0,1,1,0,0,1,0,0,1,0,0,0,0,2,1,1,0,0,0,0,0,Organization,humble-only
ros-event-camera/frequency_cam,0,0,0,0,0,0,0,0,0,0,0,0,0,0,0,1,0,0,0,0,0,0,0,0,0,0,0,0,0,0,0,0,0,Organization,multi-distro
ros-planning/geometric_shapes,0,0,0,0,0,0,0,0,0,0,0,0,0,0,0,0,0,0,0,0,0,0,0,0,0,0,1,0,0,0,0,0,0,Organization,multi-distro
ethz-asl/grid_map_geo,0,0,0,0,0,0,0,0,0,0,0,0,0,0,0,0,0,0,0,0,0,0,0,0,0,1,0,0,0,0,0,0,0,Organization,humble-only
borglab/gtsam,1,0,0,2,0,1,1,1,0,1,2,1,1,0,1,1,2,0,2,1,0,0,0,0,0,1,2,3,1,2,1,4,0,Organization,multi-distro
MRPT/gtsam2mrpt_serial,0,0,0,0,0,0,0,0,0,0,0,0,0,0,0,0,0,0,0,0,0,0,0,0,0,0,0,0,0,0,1,0,0,Organization,multi-distro
hatchbed/hatchbed_common,0,0,0,0,0,0,0,0,0,0,0,0,0,0,0,0,0,0,0,0,0,0,0,0,0,0,0,0,0,0,1,0,0,Organization,multi-distro
HebiRobotics/hebi_cpp_api_ros,0,0,0,0,0,0,0,0,0,0,0,0,0,0,0,0,0,0,0,0,0,0,0,0,2,0,0,0,0,0,0,0,0,Organization,multi-distro
HebiRobotics/hebi_msgs,0,0,0,0,0,0,0,0,0,0,0,0,0,0,0,0,0,0,0,0,0,0,0,0,1,0,0,0,0,0,0,0,0,Organization,multi-distro
ros4hri/hri_actions_msgs,0,0,0,0,0,0,1,0,0,0,0,0,0,0,0,0,0,0,0,0,0,0,0,0,0,0,0,0,0,0,0,0,0,Organization,multi-distro
ros4hri/hri_face_body_matcher,0,0,0,0,0,0,0,0,0,0,2,0,0,0,0,0,0,0,0,0,0,0,0,0,0,0,0,0,0,0,0,0,0,Organization,humble-only
ros4hri/hri_face_detect,0,0,0,0,0,0,1,0,0,0,0,0,0,0,0,0,0,0,0,0,0,0,0,0,0,0,0,0,0,0,0,0,0,Organization,humble-only
ros4hri/hri_msgs,0,0,0,0,0,0,1,0,0,0,0,0,0,0,0,0,0,0,0,0,0,0,0,0,0,0,0,0,0,0,0,0,0,Organization,multi-distro
ros4hri/hri_rviz,0,0,0,0,0,0,0,0,0,0,0,0,0,0,0,0,0,0,0,0,0,0,0,0,0,0,0,0,1,0,0,0,0,Organization,humble-only
husarion/husarion_components_description,0,1,0,0,0,1,0,0,0,0,1,0,0,0,0,0,0,0,1,1,1,0,0,0,0,0,0,1,0,0,0,0,0,Organization,multi-distro
ros-visualization/interactive_markers,0,0,0,0,0,0,0,0,0,1,1,0,0,0,0,0,0,2,0,0,0,0,0,0,0,0,0,0,0,0,0,0,0,Organization,multi-distro
jrl-umi3218/jrl-cmakemodules,0,1,0,0,0,0,0,0,0,0,0,0,0,0,0,0,0,2,2,0,0,1,0,0,2,1,0,0,0,0,0,0,0,Organization,multi-distro
ros/kdl_parser,1,0,0,0,0,0,1,0,0,0,0,1,0,0,0,0,0,0,0,0,0,0,0,0,0,0,0,0,0,0,0,0,0,Organization,multi-distro
ros-tooling/keyboard_handler,0,0,0,0,0,0,0,0,0,1,0,0,0,0,0,0,0,0,0,0,1,0,0,0,0,0,0,0,0,0,0,0,0,Organization,multi-distro
justagist/kinematics_interface_pinocchio,0,0,0,0,0,0,0,1,0,0,0,0,0,0,0,0,0,0,0,0,0,0,0,0,0,0,0,0,0,0,0,0,0,User,humble-only
ros-perception/laser_filters,0,0,1,0,0,1,0,0,0,0,0,0,0,1,0,0,0,0,0,0,0,0,0,0,0,2,1,0,0,0,0,0,0,Organization,multi-distro
ros-perception/laser_geometry,0,0,0,0,0,0,0,0,0,4,0,0,0,0,0,0,0,0,0,0,0,0,0,0,0,0,0,0,0,0,0,0,0,Organization,multi-distro
ajtudela/laser_segmentation,0,0,0,0,0,0,0,0,1,0,0,0,0,0,0,0,0,0,0,0,0,0,0,0,0,0,0,0,0,0,0,0,0,User,multi-distro
ros-tooling/launch_frontend_py,0,0,0,0,0,0,0,0,0,0,0,0,1,0,0,0,0,0,0,0,0,0,0,0,0,0,0,0,0,0,0,0,0,Organization,multi-distro
pal-robotics/launch_pal,0,0,0,0,2,1,0,0,0,0,3,0,0,0,0,0,0,0,0,0,0,0,0,0,0,1,0,0,0,0,0,0,0,Organization,multi-distro
analogdevicesinc/libaditof,0,0,0,0,0,0,0,0,1,0,0,0,0,0,0,0,1,0,0,0,0,0,0,0,0,1,0,1,1,0,1,1,0,Organization,multi-distro
ros-event-camera/libcaer_driver,0,0,0,0,0,0,0,0,0,0,0,0,0,0,0,0,1,0,1,0,0,0,0,0,0,0,0,0,0,0,0,0,0,Organization,multi-distro
frankaemika/libfranka,0,0,0,0,0,0,0,0,0,0,0,0,1,0,0,0,0,1,0,1,0,0,0,0,0,0,1,0,2,0,1,2,0,Organization,humble-only
IntelRealSense/librealsense,1,0,1,1,3,0,0,2,0,2,1,2,0,1,2,1,1,1,1,3,0,1,1,0,5,0,1,1,0,0,0,0,0,Organization,multi-distro
ros-tooling/libstatistics_collector,0,0,0,0,0,0,0,0,0,0,0,0,0,0,0,0,0,0,0,0,0,0,0,1,0,0,0,0,0,0,0,0,0,Organization,multi-distro
ros2/libyaml_vendor,0,0,0,0,0,0,0,0,0,0,0,0,0,0,0,0,0,0,0,0,1,0,0,0,0,0,0,0,0,0,0,0,0,Organization,multi-distro
uos/lvr2,0,0,0,0,0,0,0,0,0,0,0,0,0,0,0,0,0,1,0,0,1,0,0,0,0,0,1,0,0,0,0,1,0,Organization,multi-distro
Neargye/magic_enum,0,0,0,0,1,0,0,0,0,0,1,0,0,0,0,0,1,0,0,0,0,0,0,0,0,0,2,0,3,0,0,0,0,User,multi-distro
ros-planning/navigation_msgs,0,0,0,0,0,0,0,1,0,1,0,0,0,0,0,0,0,0,0,0,0,0,0,0,0,0,0,1,0,0,0,0,0,Organization,multi-distro
ros2-gbp/mavlink-gbp-release,0,0,0,0,0,0,0,0,0,0,0,0,0,0,0,0,0,0,0,1,0,0,0,0,0,0,0,0,0,0,0,0,0,Organization,humble-only
ros2/message_filters,1,0,0,1,0,0,0,0,1,1,0,0,0,0,1,1,0,0,0,0,0,0,0,0,0,1,0,0,3,0,0,0,0,Organization,multi-distro
ros-event-camera/metavision_driver,0,0,0,0,0,0,0,0,0,0,0,0,0,0,0,0,0,0,0,0,0,0,0,0,0,0,0,0,0,0,1,0,0,Organization,multi-distro
micro-ROS/micro_ros_msgs,0,0,0,0,0,0,0,1,0,0,0,0,0,0,0,0,0,0,0,0,0,0,0,0,0,0,0,0,0,0,0,0,0,Organization,multi-distro
MOCAP4ROS2-Project/mocap4r2_msgs,0,0,0,0,0,0,0,0,0,0,0,0,0,0,0,0,1,0,0,0,0,0,0,0,0,0,0,0,0,0,0,0,0,Organization,multi-distro
MOLAorg/mola_common,0,0,0,0,0,0,0,0,0,0,0,0,1,0,0,0,0,0,0,0,0,0,0,0,0,0,0,0,0,0,0,0,0,Organization,multi-distro
MOLAorg/mola_gnss_to_markers,0,0,0,0,0,0,0,0,0,0,0,0,0,0,0,0,0,0,0,0,0,1,0,0,0,0,0,0,0,0,0,0,0,Organization,multi-distro
MOLAorg/mola_imu_preintegration,0,0,0,0,0,0,0,0,0,0,0,0,0,0,0,0,0,0,0,0,0,0,0,0,0,0,0,0,0,0,0,1,0,Organization,multi-distro
MOLAorg/mola_lidar_odometry,0,0,0,0,0,0,0,0,0,0,0,0,0,0,0,0,0,0,0,0,0,0,0,0,0,0,0,0,0,0,1,0,0,Organization,multi-distro
MOLAorg/mola_sm_loop_closure,0,0,0,0,0,0,0,0,0,0,0,0,0,0,0,0,0,0,0,0,0,0,0,0,0,1,0,0,0,0,1,0,0,Organization,humble-only
ros-planning/moveit_visual_tools,0,0,0,0,0,0,0,0,0,0,0,0,0,0,0,0,0,0,0,0,0,0,0,0,1,0,0,0,0,0,0,0,0,Organization,multi-distro
MOLAorg/mp2p_icp,0,0,0,0,0,0,0,0,0,0,0,0,0,0,0,0,0,0,0,0,0,0,0,0,0,0,1,0,0,0,0,1,0,Organization,multi-distro
mrpt-ros-pkg/mrpt_msgs,0,0,0,0,0,0,0,0,0,0,0,1,0,0,0,0,0,0,0,0,0,0,0,0,0,0,0,0,0,0,0,0,0,Organization,multi-distro
MRPT/mrpt_path_planning,0,0,0,0,0,0,0,0,0,0,0,0,0,0,0,0,0,0,0,0,0,0,0,0,0,0,1,0,0,0,0,0,0,Organization,multi-distro
pal-robotics/mujoco_vendor,0,0,0,0,0,0,0,0,0,0,0,0,1,0,0,0,0,0,0,0,0,1,0,0,0,0,0,0,0,0,0,0,0,Organization,multi-distro
MRPT/mvsim,0,0,0,0,0,0,0,0,0,0,0,0,0,0,0,0,0,0,0,0,0,0,0,0,0,0,0,0,0,0,1,1,0,Organization,multi-distro
Chroma-CITI/namoros,0,0,0,0,0,0,0,0,0,0,1,0,0,0,0,0,0,0,0,0,0,0,0,0,0,0,0,0,0,0,0,0,0,Organization,humble-only
Chroma-CITI/namosim,0,0,0,0,0,0,0,0,0,0,1,0,0,0,0,0,0,0,0,0,0,0,0,0,0,0,0,0,0,0,0,0,0,Organization,humble-only
Simple-Robotics/nanoeigenpy,0,0,0,0,0,0,0,0,0,0,0,0,0,0,0,0,0,0,0,0,1,0,0,0,0,1,0,3,0,0,0,2,0,Organization,multi-distro
ros-naoqi/naoqi_driver2,0,0,0,0,0,0,0,0,0,0,0,0,0,0,0,0,0,0,0,0,0,0,0,0,0,0,0,0,0,2,0,0,0,Organization,humble-only
tier4/nebula,0,0,1,0,1,1,0,0,0,0,0,0,1,1,0,1,0,0,1,0,2,0,0,0,0,1,1,0,0,0,2,1,0,Organization,humble-only
neobotix/neo_nav2_bringup,0,0,0,0,0,0,0,0,0,0,0,0,0,0,0,0,0,0,0,0,0,0,0,0,0,1,0,0,0,0,0,0,0,Organization,multi-distro
brow1633/network_bridge,0,0,0,0,0,0,0,1,0,0,0,0,0,0,0,0,0,0,0,0,0,0,0,0,0,0,0,0,0,1,0,0,0,User,multi-distro
ADVRHumanoids/nicla_vision_ros2,0,0,0,0,0,0,0,0,0,0,0,0,0,0,0,1,0,0,0,0,0,0,0,0,0,0,0,0,0,0,0,0,0,Organization,multi-distro
nobleo/nobleo_socketcan_bridge,0,0,0,0,0,0,0,0,0,0,0,0,0,0,0,0,0,0,0,0,0,0,0,0,0,0,0,0,1,2,0,0,0,Organization,multi-distro
vooon/ntpd_driver,0,0,0,0,0,0,1,0,0,0,0,0,0,0,0,0,0,0,0,0,0,0,0,0,0,0,0,0,0,0,0,0,0,User,multi-distro
OctoMap/octomap_rviz_plugins,0,0,0,0,0,0,0,0,0,0,0,0,0,1,0,0,0,0,0,0,0,0,0,0,0,0,0,0,2,0,0,0,0,Organization,multi-distro
gstavrinos/odom_to_tf_ros2,0,0,0,0,0,0,0,0,0,0,0,0,0,0,0,0,0,0,0,0,0,0,0,0,0,0,0,0,0,0,0,2,0,User,multi-distro
reazon-research/openarm_ros2,1,1,0,0,0,0,0,0,0,0,0,0,1,0,0,0,0,0,0,0,2,0,0,0,1,2,0,0,0,0,0,0,0,Organization,humble-only
tier4/osqp_vendor,0,0,0,0,0,0,0,0,0,0,0,0,0,0,0,0,0,0,0,0,0,0,0,0,1,0,0,0,0,0,0,0,0,Organization,multi-distro
osrf/osrf_testing_tools_cpp,0,0,0,0,0,0,0,0,0,0,0,0,0,0,0,0,0,0,1,0,0,0,0,0,0,0,0,0,0,0,0,0,0,Organization,multi-distro
pal-robotics/pal_gazebo_plugins,0,0,0,0,0,0,1,0,0,0,0,0,0,1,0,0,0,0,0,0,0,0,0,0,0,0,0,0,0,0,0,0,0,Organization,humble-only
pal-robotics/pal_gazebo_worlds,0,0,0,1,0,0,0,2,0,0,1,0,0,0,0,0,0,0,1,0,2,0,0,0,1,1,0,0,0,0,0,0,0,Organization,humble-only
pal-robotics/pal_maps,0,0,0,0,0,0,0,0,0,0,0,0,0,0,0,0,0,0,2,0,2,0,0,0,0,0,0,0,0,0,0,0,0,Organization,humble-only
pal-robotics/pal_urdf_utils,0,0,0,0,1,0,0,0,0,0,0,0,2,1,0,1,0,1,1,2,0,0,0,0,0,0,1,1,0,0,0,0,0,Organization,humble-only
stevenlovegrove/Pangolin,0,0,0,0,0,0,0,0,0,0,1,1,0,0,0,1,0,0,0,0,0,0,0,0,0,0,0,0,0,0,0,0,0,User,multi-distro
ForteFibre/parameter_expression,0,0,0,0,0,0,0,0,2,0,0,0,0,0,0,0,0,0,0,0,0,0,0,0,0,0,0,0,0,0,0,0,0,Organization,multi-distro
ros-perception/pcl_msgs,0,0,0,0,0,0,0,0,0,0,0,0,0,0,0,0,0,0,0,0,0,0,0,0,0,0,0,0,1,0,0,0,0,Organization,multi-distro
fujitatomoya/ros2_persist_parameter_server,0,0,0,0,0,0,0,2,2,0,0,0,0,0,0,0,0,0,0,1,0,0,0,1,1,0,0,0,0,0,0,0,0,User,multi-distro
vtalpaert/ros2-phone-sensors,0,0,0,0,0,0,0,0,0,0,0,0,0,0,0,0,0,0,1,0,0,0,0,0,0,0,0,0,0,0,0,0,0,User,multi-distro
stack-of-tasks/pinocchio,0,0,1,1,0,0,0,0,0,0,0,0,3,0,1,2,1,0,1,2,1,0,1,0,0,1,0,1,3,2,0,0,0,Organization,multi-distro
facontidavide/PlotJuggler,1,1,0,1,1,0,1,2,1,1,1,0,0,0,0,1,3,0,0,0,2,2,0,0,1,1,1,0,0,0,8,1,0,User,multi-distro
PlotJuggler/plotjuggler-ros-plugins,0,0,0,0,0,0,0,0,0,0,0,0,0,0,0,0,0,0,0,0,3,0,0,0,0,0,0,0,0,0,0,0,0,Organization,multi-distro
fmrico/popf,0,0,0,0,0,0,0,0,0,0,0,0,0,0,0,0,0,0,0,0,0,0,0,0,0,0,0,0,0,1,0,0,0,User,multi-distro
bdaiinstitute/proto2ros,0,0,0,0,0,0,0,0,0,0,0,0,0,0,0,2,0,1,0,0,0,0,0,0,0,0,0,0,0,0,0,0,0,Organization,multi-distro
Simple-Robotics/proxsuite,1,0,0,0,0,0,1,0,0,0,0,0,0,0,1,0,2,0,0,1,0,1,0,0,1,0,0,1,0,1,2,0,0,Organization,multi-distro
PX4/px4_msgs,0,0,0,0,0,0,0,0,0,1,0,0,1,0,0,0,0,0,0,0,0,0,0,0,0,0,0,0,0,0,0,1,0,Organization,multi-distro
splintered-reality/py_trees,0,0,0,0,1,0,0,0,0,0,0,0,0,0,1,1,0,0,0,0,0,0,0,0,0,0,0,0,0,0,0,0,0,Organization,multi-distro
splintered-reality/py_trees_js,0,0,0,0,0,0,0,0,0,0,0,0,0,0,0,1,0,0,0,0,0,0,0,0,0,0,0,0,0,0,0,0,0,Organization,multi-distro
splintered-reality/py_trees_ros,0,0,0,0,0,0,0,0,0,0,0,0,0,0,0,1,0,0,0,0,1,0,0,0,0,0,0,0,0,0,0,0,0,Organization,multi-distro
splintered-reality/py_trees_ros_interfaces,0,0,0,0,0,0,0,0,0,0,0,0,0,0,0,1,0,0,0,0,0,0,0,0,0,0,0,0,0,0,0,0,0,Organization,multi-distro
splintered-reality/py_trees_ros_tutorials,0,0,0,0,0,0,0,0,0,0,0,0,0,0,0,1,0,0,0,0,0,0,0,0,0,0,0,0,0,0,0,0,0,Organization,multi-distro
ros2/pybind11_vendor,0,0,0,0,0,0,0,0,0,0,0,0,0,0,0,1,0,0,0,0,0,0,0,0,0,0,0,0,0,0,0,0,0,Organization,multi-distro
AndrejOrsula/pymoveit2,0,0,1,0,0,0,0,0,0,0,0,0,0,0,1,0,0,1,0,0,0,0,0,0,0,0,0,0,0,3,0,0,0,User,multi-distro
MRPT/python_mrpt_ros,0,0,0,0,0,0,0,0,0,0,0,0,0,0,0,0,0,0,0,0,1,0,0,0,0,0,0,0,0,0,0,0,0,Organization,multi-distro
ros-visualization/python_qt_binding,0,0,0,0,0,0,0,0,0,0,2,0,0,0,0,0,0,0,0,0,0,0,0,0,0,0,0,0,0,0,0,0,0,Organization,multi-distro
StefanFabian/qml6_ros2_plugin,0,0,0,0,0,0,0,0,0,0,0,0,0,0,0,0,0,0,0,0,0,0,0,0,0,0,0,0,0,1,0,0,0,User,multi-distro
StefanFabian/qml_ros2_plugin,0,0,0,0,0,0,0,0,0,0,0,0,0,0,0,0,0,0,0,0,0,0,0,0,0,0,0,0,0,1,0,0,0,User,multi-distro
rt-net/raspimouse_description,0,0,0,0,0,0,0,0,0,0,0,0,0,0,0,0,0,0,0,0,0,0,0,0,0,0,0,0,1,0,0,0,0,Organization,multi-distro
rt-net/raspimouse_ros2_examples,0,0,0,0,0,0,0,0,0,0,0,0,0,0,0,0,0,0,0,0,0,0,0,0,0,0,0,0,1,0,0,0,0,Organization,multi-distro
roboception/rc_genicam_driver_ros2,0,0,0,0,0,0,0,0,0,0,0,0,0,0,0,0,0,0,0,0,0,0,0,0,0,0,0,0,0,0,0,1,0,Organization,multi-distro
fujitatomoya/rcl_logging_syslog,0,0,0,0,0,0,0,0,0,0,0,0,0,0,0,0,0,0,0,0,0,0,0,0,0,0,0,0,0,0,1,0,0,User,multi-distro
ros2/rclpy,0,0,0,1,0,1,0,2,0,2,1,1,0,1,1,1,1,0,1,1,1,1,0,0,1,2,0,0,2,1,1,1,0,Organization,multi-distro
ros2/rcpputils,0,0,0,0,0,0,0,2,0,0,0,0,0,0,1,0,0,0,0,0,0,0,0,0,0,0,0,0,0,0,0,0,0,Organization,multi-distro
ros2/rcutils,0,0,0,1,0,0,0,0,0,0,0,0,1,0,0,0,0,0,0,0,0,0,0,0,0,0,0,0,1,0,1,2,0,Organization,multi-distro
ros-industrial/reach_ros2,0,0,0,0,0,0,0,0,1,0,0,0,0,0,0,0,0,0,0,0,0,0,0,0,0,0,0,0,0,0,0,0,0,Organization,multi-distro
ros-controls/realtime_tools,0,1,0,0,0,0,1,0,0,0,0,0,0,0,1,0,0,0,2,0,0,0,0,0,0,0,0,1,0,2,0,0,0,Organization,multi-distro
polymathrobotics/replay_testing,0,0,0,0,0,0,0,0,0,0,0,0,0,0,1,0,0,0,0,1,0,0,0,0,0,0,0,0,1,0,0,0,0,Organization,multi-distro
ros2/rmw_cyclonedds,0,0,1,0,0,0,0,0,0,0,0,0,0,0,0,0,4,0,0,0,0,0,0,0,0,1,0,0,0,0,1,0,0,Organization,multi-distro
ros2/rmw_dds_common,0,0,0,0,0,0,0,0,0,1,0,0,0,0,0,0,1,0,0,0,0,0,0,0,1,2,0,0,0,0,0,0,0,Organization,multi-distro
signetlabdei/rmw_desert,0,0,0,0,0,0,0,0,0,0,0,0,0,0,0,0,0,0,0,0,0,0,0,0,0,0,1,0,0,0,0,0,0,Organization,multi-distro
ros2/rmw_implementation,0,0,1,0,0,0,0,0,0,0,0,0,1,0,0,0,3,0,0,0,0,2,0,0,0,0,1,0,0,0,0,1,0,Organization,multi-distro
cra-ros-pkg/robot_localization,0,0,0,0,2,0,1,0,0,0,0,0,0,0,0,0,0,0,0,1,0,0,0,0,0,0,0,0,0,0,0,0,0,Organization,multi-distro
ros/robot_state_publisher,0,0,0,0,0,0,0,0,2,0,0,1,0,0,0,0,0,0,1,0,0,0,0,0,1,0,0,0,0,0,0,0,0,Organization,multi-distro
robotont/robotont_driver,0,0,0,0,0,0,0,0,0,0,0,0,0,0,0,0,0,0,0,0,0,0,0,0,0,1,0,0,1,0,0,0,0,Organization,humble-only
robotraconteur/robotraconteur,0,0,0,0,0,0,0,0,0,0,0,0,0,0,0,0,0,0,1,0,0,0,0,0,0,0,0,0,0,0,0,1,0,Organization,multi-distro
robotraconteur/robotraconteur_companion,0,0,0,1,0,0,0,0,0,0,0,0,0,0,0,0,0,0,0,0,0,0,0,0,0,0,0,1,0,0,0,0,0,Organization,multi-distro
ros2/ros1_bridge,0,0,0,1,0,0,0,0,0,0,0,0,0,0,0,0,1,0,0,0,0,0,0,0,0,0,0,0,0,0,0,0,0,Organization,multi-distro
ros-controls/ros2_control_cmake,0,0,0,0,0,0,0,0,0,1,0,0,0,0,0,1,0,0,0,0,0,0,0,0,0,0,0,1,0,0,0,0,0,Organization,multi-distro
nobleo/ros2_fmt_logger,0,0,0,0,0,0,0,0,0,0,0,1,0,0,0,0,0,0,0,0,0,0,0,0,0,0,0,0,0,0,0,1,0,Organization,multi-distro
fujitatomoya/ros2ai,0,0,0,0,0,0,0,0,0,0,0,0,0,0,0,0,0,0,0,1,0,0,0,0,0,0,1,0,0,0,0,2,0,User,multi-distro
tier4/ros2caret,0,0,0,0,0,1,0,0,0,0,0,0,0,0,0,0,1,0,0,0,0,0,0,0,0,0,0,1,0,0,0,0,0,Organization,humble-only
ros2/ros2cli_common_extensions,0,0,0,0,0,0,0,0,0,0,0,0,0,0,0,0,0,0,0,2,0,0,0,0,0,0,0,0,0,0,0,0,0,Organization,multi-distro
ros2/rosidl_python,0,1,0,0,0,0,0,0,0,0,0,0,0,0,0,0,0,0,0,0,0,0,0,0,0,2,0,0,0,0,1,0,0,Organization,multi-distro
ros2-rust/rosidl_rust,0,0,0,0,0,0,0,0,1,0,0,1,0,0,0,0,0,0,0,0,0,0,0,0,0,0,0,0,0,0,2,0,0,Organization,multi-distro
ros2/rosidl_runtime_py,1,0,0,0,0,0,0,0,0,0,0,0,0,0,0,0,0,0,0,0,0,0,0,0,0,1,0,0,0,0,0,0,0,Organization,multi-distro
facontidavide/rosx_introspection,0,0,0,0,0,0,0,0,1,1,1,0,0,0,0,0,0,0,0,0,0,0,1,0,0,0,2,0,0,0,1,0,0,User,multi-distro
ros-visualization/rqt_console,1,0,0,0,0,0,0,0,0,0,0,0,0,0,0,0,0,0,0,1,2,0,0,0,0,0,0,0,0,0,0,0,0,Organization,multi-distro
niwcpac/rqt_dotgraph,0,0,0,0,0,0,0,0,1,0,0,0,0,0,0,0,0,0,0,0,0,0,0,0,0,0,0,0,0,0,0,0,0,Organization,multi-distro
ros-visualization/rqt_py_console,0,0,0,0,0,0,0,1,0,0,0,1,0,0,0,0,0,0,0,0,0,0,0,0,0,0,0,0,0,0,0,0,0,Organization,multi-distro
ros-visualization/rqt_reconfigure,0,0,0,0,0,0,0,0,0,0,0,0,0,0,0,0,0,2,0,0,0,0,0,0,0,0,0,0,0,0,0,0,0,Organization,multi-distro
ros-visualization/rqt_robot_steering,0,0,0,0,0,2,0,0,0,0,0,0,0,0,0,0,0,0,0,0,0,0,0,0,0,0,0,0,0,0,0,0,0,Organization,multi-distro
ros-visualization/rqt_tf_tree,0,0,0,0,0,0,0,1,0,0,0,0,0,0,0,0,0,0,0,0,0,0,0,0,0,0,0,0,0,0,0,0,0,Organization,multi-distro
ros-visualization/rqt_topic,1,0,0,2,0,0,0,0,0,0,1,1,0,0,0,0,0,0,0,0,0,0,0,0,0,1,0,0,0,0,0,0,0,Organization,multi-distro
PickNikRobotics/RSL,0,0,0,0,0,0,0,0,0,0,0,0,0,0,1,0,0,0,0,0,0,2,0,0,0,0,0,0,0,0,0,0,0,Organization,multi-distro
rt-net/rt_usb_9axisimu_driver,0,0,0,0,0,0,0,0,0,0,0,0,0,0,0,0,0,0,0,0,0,0,0,0,0,0,0,0,1,0,0,0,0,Organization,multi-distro
pantor/ruckig,0,0,0,0,0,0,0,0,0,0,0,0,0,0,0,0,0,0,0,0,0,0,1,0,0,0,0,0,0,0,0,1,0,User,multi-distro
nobleo/rviz_satellite,0,0,0,0,0,0,0,0,0,0,0,0,0,1,1,1,0,0,0,0,1,0,0,0,0,0,0,0,0,0,0,0,0,Organization,multi-distro
SBG-Systems/sbg_ros2,0,0,0,0,0,0,0,0,0,0,0,0,0,1,0,2,0,0,0,0,0,0,0,0,0,0,0,0,0,0,0,0,0,Organization,multi-distro
septentrio-gnss/septentrio_gnss_driver,0,0,0,0,0,0,0,0,0,0,0,0,0,0,0,0,0,0,0,2,1,0,0,0,0,0,0,0,0,0,0,0,0,Organization,multi-distro
SICKAG/sick_safetyscanners2,0,0,0,0,0,0,0,0,1,0,0,0,0,0,0,0,0,0,0,0,0,0,0,0,0,0,0,0,0,0,0,0,0,Organization,multi-distro
SICKAG/sick_safetyscanners2_interfaces,0,0,0,0,0,0,0,0,0,0,0,0,0,0,0,0,2,0,0,0,0,0,0,0,0,0,0,0,0,0,0,0,0,Organization,multi-distro
SICKAG/sick_safevisionary_base,0,0,0,0,0,0,0,0,0,0,0,0,0,0,0,1,0,0,0,0,0,0,0,0,0,0,0,0,0,0,0,0,0,Organization,multi-distro
SICKAG/sick_scan_xd,0,0,0,0,0,0,1,0,0,0,1,0,0,0,0,0,0,0,0,0,0,0,0,0,0,0,0,0,0,2,0,0,0,Organization,multi-distro
DLu/simple_actions,0,0,0,0,0,0,0,0,0,0,0,0,0,0,0,0,0,0,0,0,0,0,0,0,0,0,0,0,0,0,0,2,0,User,multi-distro
mikeferguson/simple_grasping,0,0,0,0,0,0,0,0,0,0,0,0,0,0,0,0,0,0,0,0,0,0,0,0,0,0,1,0,0,0,0,0,0,User,multi-distro
oKermorgant/simple_launch,0,0,0,0,0,0,0,0,0,0,0,0,0,0,0,0,0,0,0,0,0,0,0,0,0,0,0,0,0,0,0,2,0,User,multi-distro
ros-simulation/simulation_interfaces,0,2,0,0,0,0,0,0,0,0,0,0,0,1,0,0,0,0,0,1,0,0,0,0,0,0,0,0,0,0,0,0,0,Organization,multi-distro
SteveMacenski/slam_toolbox,0,0,1,0,0,0,0,0,0,0,0,0,1,0,0,0,1,1,0,0,1,0,0,0,1,1,0,0,0,0,0,0,0,User,multi-distro
THA-Embedded-Systems-Lab/soar_ros,0,0,0,0,0,0,1,0,0,0,0,0,0,0,0,0,0,0,0,0,0,0,0,0,0,0,0,0,0,2,0,0,0,Organization,multi-distro
ros-planning/srdfdom,0,0,0,0,0,0,0,0,0,0,0,0,0,0,0,0,0,0,0,0,0,1,0,0,0,0,0,0,0,0,0,0,0,Organization,multi-distro
ros-industrial/stomp,0,0,0,0,0,0,0,0,0,0,0,0,0,0,0,0,0,0,0,0,0,0,0,1,0,0,0,0,0,0,0,0,0,Organization,multi-distro
swri-robotics/swri_console,0,0,0,0,0,0,0,0,0,0,0,0,0,0,0,0,0,0,0,0,0,0,0,0,0,0,0,0,0,2,0,0,0,Organization,multi-distro
synapticon/synapticon_ros2_control,0,0,0,0,0,0,0,0,0,1,0,0,0,0,0,0,0,0,0,0,0,0,0,0,0,0,1,1,0,0,0,0,0,Organization,multi-distro
tier4/sync_tooling_msgs,0,0,0,0,0,0,0,0,0,0,0,0,0,0,0,0,0,0,0,0,0,0,0,0,0,0,0,1,0,0,0,0,0,Organization,multi-distro
bdaiinstitute/synchros2,0,0,0,0,0,0,0,0,0,0,0,0,0,1,1,0,0,2,1,0,0,0,0,0,0,1,0,2,0,0,0,0,0,Organization,multi-distro
MetroRobots/ros_system_fingerprint,0,0,0,0,0,0,0,0,0,0,0,0,0,0,0,0,0,0,0,0,0,0,0,0,0,0,0,1,0,0,0,0,0,Organization,multi-distro
pal-robotics/talos_simulation,1,0,0,0,0,0,0,1,0,0,0,0,0,0,0,0,0,0,0,0,0,0,0,0,0,0,0,0,0,0,0,0,0,Organization,humble-only
tecgihan/tecgihan_driver,0,0,0,1,0,0,2,1,0,0,0,0,0,0,0,0,0,0,0,0,0,0,0,0,0,0,0,0,0,0,0,0,0,Organization,multi-distro
DLu/tf_transformations,0,0,0,0,0,0,0,0,0,0,0,0,0,0,0,0,0,0,0,0,0,0,0,0,0,0,0,0,0,2,0,0,0,User,multi-distro
pal-robotics/tiago_pro_moveit_config,0,0,0,0,0,0,0,0,0,0,0,1,0,0,0,0,0,0,0,0,0,0,0,0,0,0,0,0,1,0,0,0,0,Organization,humble-only
ros2/tinyxml2_vendor,1,0,0,0,0,0,0,0,0,0,0,0,0,0,0,1,1,0,0,0,0,0,0,0,0,0,0,0,0,0,0,0,0,Organization,multi-distro
stack-of-tasks/tsid,0,0,0,0,0,0,0,0,0,0,0,1,0,0,0,0,0,0,0,0,0,0,0,0,0,0,0,1,1,0,0,2,0,Organization,multi-distro
Jannkar/turtle_nest,0,0,0,0,0,0,0,0,0,0,0,0,0,0,0,1,0,0,0,0,0,0,0,0,0,0,0,0,0,0,0,0,0,User,multi-distro
ROBOTIS-GIT/turtlebot3_machine_learning,0,0,0,0,0,0,0,0,0,0,0,0,0,0,0,0,0,0,0,0,0,0,0,0,0,0,2,0,0,0,0,0,0,Organization,multi-distro
ros-teleop/twist_mux,0,0,0,0,0,0,0,0,0,0,0,0,0,0,0,0,0,0,0,0,0,0,0,0,0,0,0,0,0,0,3,0,0,Organization,multi-distro
UniversalRobots/Universal_Robots_Client_Library,0,0,0,0,0,0,0,0,0,0,1,1,0,0,0,1,1,0,1,0,0,1,0,0,0,0,0,0,0,0,0,1,2,Organization,multi-distro
UniversalRobots/Universal_Robots_ROS2_Description,0,0,0,0,0,0,0,1,0,0,0,0,0,0,0,0,0,0,0,0,1,0,0,0,0,0,1,0,0,0,0,0,1,Organization,multi-distro
UniversalRobots/Universal_Robots_ROS2_GZ_Simulation,0,0,0,0,0,0,0,0,1,0,0,0,0,0,0,1,0,1,0,0,0,0,0,0,0,0,0,0,0,0,0,0,0,Organization,multi-distro
ros/urdf_launch,0,0,0,0,0,0,0,0,0,0,1,0,0,0,0,0,0,0,0,0,0,0,0,0,0,0,0,1,0,0,0,1,0,Organization,multi-distro
ros/urdf_sim_tutorial,0,0,0,0,0,0,0,0,0,0,1,0,0,0,0,0,0,0,0,0,0,0,0,0,0,0,0,0,0,0,0,0,0,Organization,humble-only
ros/urdf_tutorial,0,0,0,0,0,0,0,0,0,0,0,0,0,0,0,0,0,0,0,0,0,0,0,0,0,0,0,1,0,0,0,0,0,Organization,multi-distro
ros/urdfdom,0,0,0,0,0,0,0,0,0,0,1,0,0,0,0,0,0,2,0,0,0,0,0,0,0,0,0,0,2,0,0,1,0,Organization,multi-distro
ros/urdf_parser_py,0,0,0,0,0,0,0,0,0,0,0,0,0,0,0,0,0,0,0,0,1,0,0,0,0,0,0,0,0,0,0,0,0,Organization,multi-distro
ros-drivers/usb_cam,0,0,0,0,0,0,0,1,0,0,1,0,0,0,0,0,0,0,0,0,0,0,0,0,0,0,0,0,0,0,0,1,0,Organization,multi-distro
blackcoffeerobotics/vector_pursuit_controller,0,0,0,0,0,0,0,0,0,0,0,0,0,0,0,0,0,0,0,0,0,0,0,1,0,0,0,0,0,0,0,0,0,Organization,multi-distro
MoffKalast/vizanti,0,0,0,0,0,0,0,0,0,0,0,0,0,0,0,0,0,0,0,0,0,0,0,0,0,0,0,0,0,0,0,1,0,User,multi-distro
ros-planning/warehouse_ros_sqlite,0,0,0,0,0,0,0,0,0,0,0,0,0,0,0,0,0,0,0,0,0,0,0,0,1,0,0,0,0,0,1,0,0,Organization,multi-distro
RobotWebTools/web_video_server,0,0,0,0,0,1,0,0,0,0,0,0,0,0,0,0,0,0,0,0,0,0,0,0,0,0,0,0,0,0,1,1,0,Organization,multi-distro
ros/xacro,0,1,0,0,2,0,0,0,0,0,0,0,0,0,0,0,0,0,0,0,1,0,0,0,0,0,0,0,0,0,0,0,0,Organization,multi-distro
ros2/yaml_cpp_vendor,0,0,0,0,0,0,0,0,0,0,0,0,0,0,0,0,0,0,0,0,1,0,0,0,0,0,0,0,0,0,0,0,0,Organization,multi-distro
stereolabs/zed-ros2-interfaces,0,0,0,0,0,0,0,0,0,0,0,0,0,0,0,0,0,0,0,0,0,0,0,0,0,0,0,0,0,0,0,0,1,Organization,multi-distro
eclipse-zenoh/zenoh-plugin-dds,0,0,0,0,0,0,0,0,1,0,0,0,0,0,0,0,0,1,1,0,0,0,0,0,0,0,0,0,0,0,1,0,1,Organization,multi-distro
autowarefoundation/zmqpp_vendor,0,0,0,0,0,0,0,0,0,0,0,0,0,0,0,0,0,0,0,0,0,3,0,0,0,0,0,0,0,0,0,0,0,Organization,multi-distro
b-robotized/ads_vendor,0,0,0,0,0,0,0,0,1,0,0,0,0,0,0,0,0,0,0,0,0,0,0,0,0,0,0,0,0,0,0,0,0,Organization,multi-distro
nobleo/boost_sml_vendor,0,0,0,0,0,0,0,0,0,0,0,0,0,0,0,0,0,0,0,0,0,0,0,0,0,0,0,0,0,0,0,1,0,Organization,multi-distro
ctu-vras/cras_msgs,0,0,0,0,0,0,0,0,0,0,0,0,0,0,0,0,0,0,0,0,0,0,0,0,0,0,0,1,0,0,0,0,0,Organization,multi-distro
eProsima/Fast-CDR,0,0,0,0,0,0,1,0,0,0,0,1,0,0,1,1,0,0,0,1,0,0,0,0,0,0,1,1,0,0,0,0,0,Organization,multi-distro
ipa320/rqt_frame_editor_plugin,0,0,0,0,0,0,0,0,0,0,0,0,0,0,0,0,0,1,0,0,0,0,0,0,0,0,0,0,0,1,0,0,0,Organization,jazzy-only
gazebo-release/gz_cmake_vendor,0,0,0,0,0,0,1,0,0,0,0,0,0,0,0,0,0,0,0,0,0,0,0,0,0,0,0,1,0,1,0,0,0,Organization,multi-distro
gazebo-release/gz_common_vendor,0,0,0,0,0,0,0,0,1,1,0,0,0,0,0,0,0,0,0,0,0,0,0,0,0,0,1,0,0,0,0,1,0,Organization,multi-distro
gazebo-release/gz_fuel_tools_vendor,0,0,0,0,0,0,1,0,2,1,0,0,0,0,0,0,0,0,0,0,0,0,0,0,0,0,0,0,0,0,0,0,0,Organization,multi-distro
gazebo-release/gz_gui_vendor,0,0,0,0,0,0,1,0,1,2,0,0,0,0,0,0,0,0,0,0,0,0,0,0,0,0,0,0,0,0,0,0,0,Organization,multi-distro
gazebo-release/gz_launch_vendor,0,0,0,0,0,0,1,0,1,2,0,0,0,0,0,0,0,0,0,0,0,0,0,0,0,0,0,0,0,0,0,0,0,Organization,multi-distro
gazebo-release/gz_math_vendor,0,0,0,0,0,0,0,0,1,1,0,0,0,0,0,0,0,0,0,0,0,0,0,0,0,0,0,0,0,0,0,0,0,Organization,multi-distro
gazebo-release/gz_msgs_vendor,0,0,0,0,0,0,0,0,1,1,0,0,0,0,0,0,0,0,0,0,0,0,0,0,0,0,2,0,0,0,0,0,0,Organization,multi-distro
gazebo-release/gz_ogre_next_vendor,0,0,0,0,0,0,0,0,0,0,0,0,0,0,0,0,0,2,0,0,0,0,0,0,0,0,0,0,0,0,0,0,0,Organization,multi-distro
gazebo-release/gz_physics_vendor,0,0,0,0,0,0,0,0,1,1,0,0,0,0,0,0,0,0,0,0,0,0,0,0,0,0,2,0,0,0,0,0,0,Organization,multi-distro
gazebo-release/gz_plugin_vendor,0,0,0,0,0,0,0,0,2,1,0,0,0,0,0,0,0,0,0,0,0,0,0,0,0,0,0,0,0,0,0,0,0,Organization,multi-distro
gazebo-release/gz_rendering_vendor,0,0,0,0,0,0,0,0,1,1,0,0,0,0,0,0,0,0,0,0,0,0,0,0,0,0,2,0,0,0,0,0,0,Organization,multi-distro
gazebo-release/gz_sensors_vendor,0,0,0,0,0,0,0,0,1,2,0,0,0,0,0,0,0,0,0,0,0,0,0,0,0,0,2,0,0,0,0,0,0,Organization,multi-distro
gazebo-release/gz_sim_vendor,0,0,0,0,0,0,0,0,1,2,0,0,0,0,0,0,0,0,0,0,0,0,0,0,0,0,0,0,0,2,0,0,0,Organization,multi-distro
gazebo-release/gz_tools_vendor,0,0,0,0,0,1,2,0,0,0,0,0,0,0,0,0,0,0,0,0,0,0,0,0,0,0,0,0,0,0,0,0,0,Organization,multi-distro
gazebo-release/gz_transport_vendor,0,0,0,0,0,0,0,0,1,1,0,0,0,0,0,0,0,0,0,0,0,0,0,0,0,0,2,0,0,0,0,0,0,Organization,multi-distro
gazebo-release/gz_utils_vendor,0,0,0,0,0,0,0,0,1,1,0,0,0,0,0,0,0,0,0,0,0,0,0,0,0,0,0,0,0,0,0,0,0,Organization,multi-distro
tu-darmstadt-ros-pkg/hector_rviz_overlay,0,0,0,0,0,0,0,0,0,0,0,0,0,0,0,0,0,0,0,0,0,0,0,0,0,0,1,0,0,0,0,0,0,Organization,jazzy-only
julianmueller/insight_gui,0,0,0,0,0,0,0,0,0,0,1,0,0,0,0,0,0,0,0,0,0,0,0,0,0,0,0,0,0,0,0,0,0,User,jazzy-only
fkie/live555_vendor,0,0,0,0,0,0,0,0,0,0,0,0,0,0,0,0,0,0,0,0,1,0,0,0,0,0,0,0,0,0,0,0,0,Organization,jazzy-only
mavlink/mavlink-gbp-release,0,0,0,0,0,0,1,0,0,0,0,0,0,0,0,0,0,0,0,0,0,0,0,0,0,0,0,0,0,0,0,0,0,Organization,multi-distro
ompl/ompl,1,2,0,1,0,0,1,0,1,2,0,0,0,0,0,0,0,0,3,1,0,1,0,0,0,0,1,0,1,2,0,0,0,Organization,multi-distro
RaphRover/raph_desktop,0,0,0,0,0,0,0,0,0,0,0,0,0,0,0,0,0,0,0,1,0,0,0,0,0,0,0,0,0,0,0,0,0,Organization,jazzy-only
reductstore/reductstore_agent,0,0,0,0,0,0,0,0,0,0,0,0,0,1,1,0,0,0,1,0,0,0,0,0,0,0,0,0,1,0,1,0,0,Organization,jazzy-only
ros2/rosidl_dynamic_typesupport,0,0,0,0,0,0,0,0,0,0,0,0,0,0,1,0,0,0,0,0,0,0,0,0,0,0,0,0,0,0,0,0,0,Organization,multi-distro
ros2/rosidl_dynamic_typesupport_fastrtps,0,0,0,0,0,0,0,0,0,0,0,0,0,0,2,0,1,0,0,0,0,0,0,0,0,0,0,0,0,0,0,0,0,Organization,multi-distro
Beam-and-Spyrosoft/rtest,0,0,0,0,0,0,0,0,0,1,0,1,0,0,0,0,2,0,0,0,0,0,0,0,0,0,0,0,0,0,0,0,0,Organization,multi-distro
gazebo-release/sdformat_vendor,0,0,0,0,0,0,0,0,1,0,0,0,0,1,0,0,0,0,0,0,0,0,0,0,0,0,2,0,0,0,0,0,0,Organization,multi-distro
locusrobotics/tf2_2d,0,0,0,0,0,0,0,0,0,0,0,0,0,0,0,0,0,0,0,0,0,0,0,0,0,0,0,1,0,0,0,0,1,Organization,multi-distro
uwgraphics/mini_tof,0,0,0,0,0,0,0,0,0,0,0,0,0,0,0,0,1,0,0,0,0,0,0,0,0,0,0,0,0,0,0,0,0,Organization,kilted-only
SteveMacenski/nonpersistent_voxel_layer,0,0,1,0,0,0,0,0,0,0,0,0,0,0,0,0,0,1,0,0,0,0,0,0,0,0,0,0,0,0,0,0,0,User,kilted-only
Barry-Xu-2018/ros2_service_load_balancing,0,0,0,0,0,0,0,0,0,0,0,0,0,1,0,0,0,0,0,0,0,0,0,0,0,0,0,0,0,0,0,0,0,User,kilted-only
fmrico/yaets,0,0,0,0,0,0,0,0,0,0,0,0,0,0,0,0,0,0,1,0,0,0,0,0,0,0,0,0,0,0,0,0,0,User,kilted-only
